sample_id	analysis_group	donor	PC1	PC2	PC3	PC4	PC5	PC6	PC7	PC8	PC9	PC10
MG__LGS1	MG	LGS1	-52.68713188678519	-394.8590131883507	107.1840434985064	-29.049605476269665	24.585486564057554	-12.679735177873843	51.43048755035361	-35.78159590243978	10.024136659041112	-9.23551743076522
MG__LGS2	MG	LGS2	-74.20796048367319	-360.41327802849474	109.45735136676753	-26.154269668876005	35.241661847680476	-25.997012130247352	55.712816266649234	-32.76366639546743	23.347734241596886	-19.903132183429676
MG__LGS3	MG	LGS3	-31.608718653536073	-335.2291343693494	84.25668497694436	-23.291630257587897	36.82231987596891	-12.766652515735853	49.28617226904666	-31.765552162963527	12.116087963865825	-7.444113363752389
MG__LVG1	MG	LVG1	-102.50987722477532	-387.6535975333339	115.23435691883132	-32.7659989935203	36.07409664056243	-17.921975119149334	60.01833858417324	-60.0220598183017	-3.125086456061169	-33.767650654700134
Rod__LGS1	Rod	LGS1	573.1384555926883	-184.74010618327105	-101.50553372992803	13.037648373267668	-18.27830553863266	30.4945255860915	-8.738541902289471	-3.661216487533194	-0.6929604336810852	57.55519557349029
Rod__LGS2	Rod	LGS2	536.6422250758226	-151.63216515010504	-91.2767174660436	21.123487340222866	-8.454124593875449	21.06113883744868	-7.566141615235845	3.3916589441709295	6.080860725579871	28.904905922998044
Rod__LGS3	Rod	LGS3	475.8683361573809	-144.24932524916244	-112.40409636134659	10.209585966755293	18.280000756097834	36.990451338639204	1.7805415848044075	-4.493046558109009	-9.34480818821794	44.590603880907786
Rod__LVG1	Rod	LVG1	495.20633796886085	-165.47968298258024	-94.60653123151425	17.688209632338477	-21.80104633605423	26.695956421338916	-17.68843537900248	-3.207820553066525	-5.508487689484496	49.73268990904067
Cone__LGS1	Cone	LGS1	331.5069774870784	-49.29232651229197	-39.73196695087586	28.813724197355825	-36.3505705317799	22.99171444821426	-27.94752856422518	35.4248804361872	17.84706178680259	-86.1704735621072
Cone__LGS2	Cone	LGS2	243.3502525631707	-23.0924185572885	-24.159595448395926	29.669730886536552	-31.440340875895302	12.8572522168297	-34.942257705395434	37.556617771351675	19.704511982537397	-72.59321801845721
Cone__LGS3	Cone	LGS3	233.2681564124915	2.787758916943742	-25.725283047062003	19.557647337081516	-9.272601370092719	18.834239986762512	-1.4146259902994134	32.980394953812336	9.619520736469477	-42.708746531243094
Cone__LVG1	Cone	LVG1	272.80542949357107	-71.52994942756354	-54.515247489944045	34.15112919104208	-28.80654487629478	13.592505817163966	-47.388701527623674	34.630726749220706	16.477300381071	-86.48410199480988
ON_cone_bipolar__LGS1	ON_cone_bipolar	LGS1	129.85328063829	201.54227690176063	125.49194854977694	-7.311534299557256	13.869647196698066	-10.805816068071529	7.929417621171978	-16.55890519302301	11.131697671053313	2.5254507056262754
ON_cone_bipolar__LGS2	ON_cone_bipolar	LGS2	169.44235087654053	174.062491936741	107.53596352779307	2.3677174649672	13.730673754028182	-12.331316605541987	1.980615358028187	-12.072177163200857	16.37270945744988	0.20774722802003703
ON_cone_bipolar__LGS3	ON_cone_bipolar	LGS3	118.15550259862239	167.96379798600213	82.59404788481773	-1.4660482919180844	14.30272478215887	-3.066909866092962	13.510898765842612	-1.0751518655101473	10.668176187208376	10.14064578570764
ON_cone_bipolar__LVG1	ON_cone_bipolar	LVG1	112.35758423357838	206.14272522003384	123.4352984150465	-2.207329779301546	21.103492159722123	-25.311885645931678	4.034792491588395	-17.430645181378207	10.700599176703426	0.5511685985116243
OFF_cone_bipolar__LGS1	OFF_cone_bipolar	LGS1	176.37787329133064	141.9677156385832	65.73783280803676	11.679639129160607	101.04292167208966	-113.15478482679728	-8.383755691900156	12.676218205302106	-7.579630680078361	8.555136747224594
OFF_cone_bipolar__LGS2	OFF_cone_bipolar	LGS2	192.61199523099336	121.52987271157708	49.86567236092993	14.624242882379429	95.95967393045467	-97.96053380052996	-12.04829849642816	22.263760477702636	1.4927696457857966	0.025188642110640966
OFF_cone_bipolar__LGS3	OFF_cone_bipolar	LGS3	156.37690168567218	117.08676453679172	20.591561251338057	11.354400156321562	98.88811526727315	-82.93074360448809	-3.2663548230022355	27.675452864352316	-9.099304956758466	11.181541658517732
OFF_cone_bipolar__LVG1	OFF_cone_bipolar	LVG1	155.67580409779845	153.14623554493633	66.49237244984671	17.4850994275121	103.55074017749138	-117.03479339402321	-8.160960451649665	9.694091957741598	-13.492904288134557	-1.8809475070184896
Rod_bipolar__LGS1	Rod_bipolar	LGS1	110.44189324104964	217.36208999296252	148.90287362010784	-12.651620590466255	-81.57753290621191	69.71420992309251	39.4454721719067	-40.675229488616864	-14.161362901471447	7.211974229879391
Rod_bipolar__LGS2	Rod_bipolar	LGS2	140.08728420848178	187.87028352786183	129.04645549920355	-0.07496270514568054	-71.52747812066963	57.739309112889686	29.047855200417374	-27.641556111586592	-5.589021325129582	2.402963633021534
Rod_bipolar__LGS3	Rod_bipolar	LGS3	130.78943550648097	191.44212644353192	112.58510420008096	-12.827387217588942	-61.804672162927076	66.02582960864733	32.7285524391304	-29.19495810623932	-8.02013034122456	15.921987450963604
Rod_bipolar__LVG1	Rod_bipolar	LVG1	109.77078375285366	221.1268177158285	146.42721958164	-9.200882755710456	-73.16434239041185	57.757104367479606	41.045696792797905	-38.751097065573	-10.78056971043155	0.4941981127111658
GABA_amacrine__LGS1	GABA_amacrine	LGS1	-168.22573892257026	72.93138918388357	-122.9341167448331	25.066219671632943	8.62079645585407	12.480299043818896	112.47254145871403	61.527428788709024	-21.944160278965626	-1.5169415943651774
GABA_amacrine__LGS2	GABA_amacrine	LGS2	-136.22748873817582	64.50625054883085	-97.63878022371654	30.042812959129826	-3.5794722144530895	12.52835734014625	92.61682286979351	72.07189563615198	-5.673115716859569	-0.5159150465349522
GABA_amacrine__LGS3	GABA_amacrine	LGS3	-114.81249573522904	57.3676507006729	-88.52469327807141	26.72475257159463	-1.1706950151012254	15.84777708075626	84.99741786178978	59.351871932275145	-16.059443054646113	7.2708979669787
GABA_amacrine__LVG1	GABA_amacrine	LVG1	-204.8670696411269	64.84304393734404	-141.63092770927273	25.55312817405149	22.971912341974402	6.454327516538423	111.57924940092258	59.48503512404583	-20.101963798546237	-4.474794310769755
Gly_amacrine__LGS1	Gly_amacrine	LGS1	-152.32960695357346	53.324469123040565	-86.85960469879116	-7.632034638666032	116.09610105505436	87.3200856078885	-20.996613729331127	-55.73755145337679	-50.5996948823974	-26.355075451266902
Gly_amacrine__LGS2	Gly_amacrine	LGS2	-153.2953111044741	49.863715185157226	-31.677622855164582	5.080349583611463	71.08104749240104	66.74445068734607	-51.56542907314777	-19.817671208643695	-14.378081699503475	-27.201764395002876
Gly_amacrine__LGS3	Gly_amacrine	LGS3	-109.77777281009142	51.69529715414718	-64.68960966096402	0.8910135042300394	83.69693406711082	70.45824873588964	-28.687790075847403	-38.26026150768654	-31.507198421205814	-25.211424755802316
Gly_amacrine__LVG1	Gly_amacrine	LVG1	-185.68361123425896	72.00841433393681	-87.53564660437745	-2.6821835182265645	120.35301036880496	83.52143911034644	-27.434658843031198	-59.45651113003085	-49.267725365741285	-32.18362753653755
AII_amacrine__LGS1	AII_amacrine	LGS1	-203.9983656974367	-12.65368515709016	-26.818864010128177	-62.61744673444074	56.529958193338835	48.76420999032565	-13.29598256427114	8.061284075109034	79.2943827632798	53.48413107779396
AII_amacrine__LGS2	AII_amacrine	LGS2	-202.19496139107346	37.58942583517168	-11.489301739148534	-18.467888123588846	23.404514815054476	35.36910375589001	-48.02332640285179	29.651095089672282	73.02636229586821	18.32715335233303
AII_amacrine__LGS3	AII_amacrine	LGS3	-169.5301345170142	21.269804879858732	-14.446788994070374	-22.774664718874238	17.74359499112799	34.16578056988512	-28.512053383091345	16.726490342545006	61.05967593469282	26.44409836460736
AII_amacrine__LVG1	AII_amacrine	LVG1	-227.02108819379671	61.14967809383772	-69.71590648275262	-63.55429874191086	69.61234450937937	45.6810083182724	-21.428564846240995	0.2878524887789532	75.79471245073167	51.492384935701836
Horizontal__LGS1	Horizontal	LGS1	-66.27211627747357	40.00528103239111	-128.97946254082973	-173.73548328164017	-63.12399393047376	-53.0406293167951	-4.2657974646778944	-24.41571822507368	-16.845210644118488	-3.706050204828691
Horizontal__LGS2	Horizontal	LGS2	-52.00746642590072	68.47762917657515	-80.01483467893219	-134.59231849110876	-68.02250513545845	-47.099477283455954	-9.734501892459697	-8.346857086854138	-5.742394910059756	-10.893034777649161
Horizontal__LGS3	Horizontal	LGS3	-30.717567615111737	44.554282791814416	-100.08319453004879	-142.6746809239157	-60.0703040350492	-47.465321171567545	-12.447302590141886	-12.301541009461804	-21.33213871243901	4.352693009395215
Horizontal__LVG1	Horizontal	LVG1	-62.50755376700263	40.9853196188518	-132.44002634427375	-178.0794526286964	-70.8700963190379	-77.70299301819763	-19.717912609741635	-23.70004090486125	-25.336516450203415	-18.91538201561636
RGC__LGS1	RGC	LGS1	-257.48782943141384	60.03449213842617	-93.322856525466	123.91211265693826	-57.352002964404114	-39.353032431593334	-17.271943515108312	-41.99811471048061	7.122148150360115	-3.907193361224576
RGC__LGS2	RGC	LGS2	-205.2340964099251	-0.29996891097152417	-68.32555747457161	126.66578731797249	-67.95833048312126	-58.42623699260912	-8.809979370428886	-59.788201737235994	29.417087646928234	3.613736146200751
RGC__LGS3	RGC	LGS3	-176.09238032683675	-15.271370610158673	-75.9888870737571	112.19535750058478	-46.74884243611142	-45.56786979123142	-8.5186438482176	-54.603565446129174	9.924913872246215	19.065707676969474
RGC__LVG1	RGC	LVG1	-175.99493749519607	38.15763194203707	-141.88081194604214	150.92232648055864	-57.08448862067203	-68.20914524272283	-0.6103300551815726	-91.26691546080325	9.396618482155013	13.375830831379963
Astrocyte__LGS1	Astrocyte	LGS1	-330.0730152566036	-21.018614213476397	86.64132198777277	29.33545231607644	-44.515007904363934	8.709313664715033	-58.88813762653558	54.128699987081525	-21.332307269081166	6.63455421002974
Astrocyte__LGS2	Astrocyte	LGS2	-221.09132984325603	-123.57769762686202	117.95524522020901	13.416487319277724	-32.76257648056604	3.6113374356554933	-33.13895918479998	40.868227696850944	-34.71485991648236	16.475948148874785
Astrocyte__LGS3	Astrocyte	LGS3	-109.5084948477038	-162.90388932628423	74.18493527867395	20.271693536305293	-23.23197896222084	4.900187160320594	-47.60385119975126	41.496523730156255	-79.79073747775782	43.49849278689317
Astrocyte__LVG1	Astrocyte	LVG1	-172.72584570315036	-150.3555115539032	85.32696106571363	25.199290372788468	-18.00143492244984	-3.869894989105614	-60.905778987236666	37.61861896937255	-104.91145449485724	46.73308147573824
Microglia__LGS1	Microglia	LGS1	-202.0055167065015	-87.47599446791115	70.48082568522051	-1.2524741963166297	-36.78184478788147	2.374514127140967	-10.17475667328847	38.915633044575735	26.557906714133726	-3.622008295159576
Microglia__LGS2	Microglia	LGS2	-144.05398271673693	-90.07421106139502	72.68536353499735	-7.314227638518083	-39.82038177465698	-8.93824102973807	-14.287965716800837	28.332070353768703	35.547189945713946	-13.192462672705505
Microglia__LGS3	Microglia	LGS3	-98.28354793715276	-47.80929293535036	43.221731031007145	6.06611173269345	-30.69845299053492	0.5608585687695189	-25.945087095519426	38.666684253632575	17.36814253501808	-0.6834455038224997
Microglia__LVG1	Microglia	LVG1	-270.69384616520443	-23.18349970433555	63.587295127059576	19.273265989457165	-39.29180023498238	7.389463643197309	-39.80671979237661	41.304414061079775	16.838962657244792	-18.203086894058856
