sample_id	analysis_group	donor	fragment_records	fragments_in_any_peak	frip	peak_overlap_assignments	fragments_overlapping_multiple_peaks	extra_peak_assignments	detected_peaks	zero_count_peaks	maximum_peak_count	peak_count_library_size	detected_peaks_cpm_ge_1
MG__LGS1	MG	LGS1	19737292	10789069	0.5466337023336332	11019895	230233	230826	164484	13293	1639	11019895	95044
MG__LGS2	MG	LGS2	29433336	16142553	0.5484445595973219	16507723	364054	365170	172169	5608	2686	16507723	101807
MG__LGS3	MG	LGS3	20491363	11492944	0.5608677177794371	11774462	280642	281518	168982	8795	1795	11774462	106101
MG__LVG1	MG	LVG1	16317594	9047546	0.5544656889980226	9289233	241271	241687	160668	17109	1242	9289233	90817
Rod__LGS1	Rod	LGS1	144343114	83930919	0.5814681190818705	86113756	2177042	2182837	174869	2908	15610	86113756	84062
Rod__LGS2	Rod	LGS2	53891457	34099986	0.6327530910882592	34961000	857951	861014	168275	9502	8409	34961000	72414
Rod__LGS3	Rod	LGS3	82783957	44800402	0.5411725124470675	46039255	1234674	1238853	173293	4484	7606	46039255	84241
Rod__LVG1	Rod	LVG1	97062461	52693440	0.5428817635275084	54379785	1683181	1686345	174601	3176	9090	54379785	84670
Cone__LGS1	Cone	LGS1	13310852	7025743	0.5278206834543724	7206843	180644	181100	154870	22907	1012	7206843	94536
Cone__LGS2	Cone	LGS2	8915429	4425662	0.49640482807950126	4532987	106954	107325	152269	25508	810	4532987	90683
Cone__LGS3	Cone	LGS3	13910132	6777748	0.48725260119745806	6961438	183123	183690	164439	13338	976	6961438	105030
Cone__LVG1	Cone	LVG1	8676816	4023233	0.4636761918196721	4153612	130136	130379	142604	35173	453	4153612	94691
ON_cone_bipolar__LGS1	ON_cone_bipolar	LGS1	9220446	4568077	0.49542907143537307	4678832	110457	110755	156302	21475	747	4678832	104546
ON_cone_bipolar__LGS2	ON_cone_bipolar	LGS2	12470755	6459984	0.5180106577348365	6614681	154170	154697	164799	12978	1279	6614681	102687
ON_cone_bipolar__LGS3	ON_cone_bipolar	LGS3	11475059	5326892	0.46421478094360996	5469608	142221	142716	165892	11885	810	5469608	110557
ON_cone_bipolar__LVG1	ON_cone_bipolar	LVG1	8825494	4170333	0.472532529057297	4297111	126543	126778	153269	24508	634	4297111	99706
OFF_cone_bipolar__LGS1	OFF_cone_bipolar	LGS1	15592208	7321906	0.46958750165467267	7497686	175277	175780	165316	12461	1130	7497686	107054
OFF_cone_bipolar__LGS2	OFF_cone_bipolar	LGS2	15727994	7899518	0.5022584571179262	8091449	191240	191931	166917	10860	1587	8091449	98326
OFF_cone_bipolar__LGS3	OFF_cone_bipolar	LGS3	16415306	7519603	0.4580848508093605	7723332	202985	203729	168749	9028	1133	7723332	111035
OFF_cone_bipolar__LVG1	OFF_cone_bipolar	LVG1	13903265	6516079	0.4686725743916986	6716022	199523	199943	162713	15064	1002	6716022	103544
Rod_bipolar__LGS1	Rod_bipolar	LGS1	11673942	5413273	0.4637056617207795	5537430	123832	124157	162267	15510	747	5537430	107321
Rod_bipolar__LGS2	Rod_bipolar	LGS2	12208438	5932440	0.48592948581956186	6072288	139352	139848	165059	12718	1016	6072288	102205
Rod_bipolar__LGS3	Rod_bipolar	LGS3	13602453	6296812	0.4629173870330594	6463159	165770	166347	166478	11299	860	6463159	112266
Rod_bipolar__LVG1	Rod_bipolar	LVG1	9607709	4568307	0.4754834893521442	4705267	136698	136960	156065	21712	622	4705267	103535
GABA_amacrine__LGS1	GABA_amacrine	LGS1	11787028	4316997	0.3662498298977486	4416998	99742	100001	168870	8907	633	4416998	117803
GABA_amacrine__LGS2	GABA_amacrine	LGS2	5215637	2190515	0.4199899264461848	2241048	50372	50533	154630	23147	486	2241048	105036
GABA_amacrine__LGS3	GABA_amacrine	LGS3	7584791	2892665	0.38137702146308317	2968613	75707	75948	165741	12036	454	2968613	130773
GABA_amacrine__LVG1	GABA_amacrine	LVG1	9243026	3222873	0.3486815897737386	3319207	96162	96334	161164	16613	413	3319207	111950
Gly_amacrine__LGS1	Gly_amacrine	LGS1	3467362	1503784	0.43369685657280665	1538218	34345	34434	124827	52950	281	1538218	95313
Gly_amacrine__LGS2	Gly_amacrine	LGS2	1276379	644060	0.504599339224478	658589	14474	14529	96893	80884	205	658589	96893
Gly_amacrine__LGS3	Gly_amacrine	LGS3	2318171	1057141	0.45602373595390505	1084958	27727	27817	123931	53846	184	1084958	90634
Gly_amacrine__LVG1	Gly_amacrine	LVG1	2708402	1153617	0.4259400930881014	1188527	34851	34910	115283	62494	189	1188527	86026
AII_amacrine__LGS1	AII_amacrine	LGS1	4621354	1862219	0.4029596088072889	1905318	42992	43099	150594	27183	298	1905318	123942
AII_amacrine__LGS2	AII_amacrine	LGS2	977593	450992	0.4613289988778561	460903	9872	9911	87676	90101	131	460903	87676
AII_amacrine__LGS3	AII_amacrine	LGS3	1956216	786448	0.4020251342387548	807447	20921	20999	125759	52018	123	807447	125759
AII_amacrine__LVG1	AII_amacrine	LVG1	3009750	1143060	0.37978569648641913	1174558	31444	31498	130387	47390	192	1174558	99138
Horizontal__LGS1	Horizontal	LGS1	6315469	2536753	0.40167293988775815	2595086	58201	58333	147016	30761	304	2595086	102149
Horizontal__LGS2	Horizontal	LGS2	7148471	3053806	0.4271970887200913	3126800	72736	72994	159813	17964	551	3126800	100919
Horizontal__LGS3	Horizontal	LGS3	8677058	3376893	0.3891748793196957	3465590	88415	88697	162423	15354	476	3465590	110093
Horizontal__LVG1	Horizontal	LVG1	6270379	2299282	0.36668947762168763	2367593	68187	68311	143945	33832	313	2367593	97908
RGC__LGS1	RGC	LGS1	1760704	526109	0.2988060457635128	538749	12617	12640	108478	69299	68	538749	108478
RGC__LGS2	RGC	LGS2	5312320	1885746	0.3549759803626288	1932973	47091	47227	154411	23366	275	1932973	125609
RGC__LGS3	RGC	LGS3	5383746	1793990	0.3332233727222644	1839256	45149	45266	155968	21809	218	1839256	130029
RGC__LVG1	RGC	LVG1	6824139	2065786	0.3027174563706865	2128259	62374	62473	150758	27019	255	2128259	104138
Astrocyte__LGS1	Astrocyte	LGS1	434120	213627	0.49209204828158115	218410	4772	4783	69281	108496	33	218410	69281
Astrocyte__LGS2	Astrocyte	LGS2	1718223	841607	0.4898124399452225	861047	19397	19440	117603	60174	128	861047	117603
Astrocyte__LGS3	Astrocyte	LGS3	2645714	1386443	0.5240335879085948	1420392	33856	33949	129876	47901	197	1420392	98716
Astrocyte__LVG1	Astrocyte	LVG1	2123393	1007298	0.4743813321415301	1035158	27809	27860	114663	63114	135	1035158	82871
Microglia__LGS1	Microglia	LGS1	1827435	821683	0.4496373332020017	840192	18468	18509	121358	56419	142	840192	121358
Microglia__LGS2	Microglia	LGS2	2695229	1210878	0.4492672051243141	1238568	27610	27690	135265	42512	244	1238568	99834
Microglia__LGS3	Microglia	LGS3	2108603	942457	0.44695800963955756	967138	24592	24681	126845	50932	151	967138	126845
Microglia__LVG1	Microglia	LVG1	661472	282330	0.4268207875767984	290614	8274	8284	78085	99692	59	290614	78085
