sample_id	MG__LGS1	MG__LGS2	MG__LGS3	MG__LVG1	Rod__LGS1	Rod__LGS2	Rod__LGS3	Rod__LVG1	Cone__LGS1	Cone__LGS2	Cone__LGS3	Cone__LVG1	ON_cone_bipolar__LGS1	ON_cone_bipolar__LGS2	ON_cone_bipolar__LGS3	ON_cone_bipolar__LVG1	OFF_cone_bipolar__LGS1	OFF_cone_bipolar__LGS2	OFF_cone_bipolar__LGS3	OFF_cone_bipolar__LVG1	Rod_bipolar__LGS1	Rod_bipolar__LGS2	Rod_bipolar__LGS3	Rod_bipolar__LVG1	GABA_amacrine__LGS1	GABA_amacrine__LGS2	GABA_amacrine__LGS3	GABA_amacrine__LVG1	Gly_amacrine__LGS1	Gly_amacrine__LGS2	Gly_amacrine__LGS3	Gly_amacrine__LVG1	AII_amacrine__LGS1	AII_amacrine__LGS2	AII_amacrine__LGS3	AII_amacrine__LVG1	Horizontal__LGS1	Horizontal__LGS2	Horizontal__LGS3	Horizontal__LVG1	RGC__LGS1	RGC__LGS2	RGC__LGS3	RGC__LVG1	Astrocyte__LGS1	Astrocyte__LGS2	Astrocyte__LGS3	Astrocyte__LVG1	Microglia__LGS1	Microglia__LGS2	Microglia__LGS3	Microglia__LVG1
MG__LGS1	0.9999999999999998	0.9326823209820024	0.8999687979409704	0.9018699031972408	0.5408590645753144	0.5438791776441768	0.5456670545822552	0.538914727795301	0.47313368390710103	0.4909476027121781	0.49676997878364054	0.4622695932508192	0.3797191331526754	0.4105818410938801	0.42832090504277004	0.3482075738355572	0.41532257384860366	0.43657800650273304	0.44830123025167773	0.3768936749290425	0.3594145321661488	0.3875745612075609	0.3973769806332239	0.3335963111258932	0.5435246498293513	0.5486669851134351	0.5746692887551704	0.501926143530936	0.5574210382403281	0.5529410439365625	0.5731725721967101	0.5089487797973592	0.6766779018176139	0.5599485397440527	0.6085475232631556	0.5260224483315102	0.5564392508886037	0.5451989086812739	0.5658588765742067	0.5140912947819041	0.4937660482356396	0.6096179582058754	0.6324775884523455	0.5146858495853004	0.6690513467034097	0.7714056487061266	0.7795337195781158	0.7572848921066464	0.7598551115073882	0.7470253793150767	0.6736847549969441	0.6581221873861018
MG__LGS2	0.9326823209820024	0.9999999999999998	0.9028317595837807	0.8885139383879034	0.5589416584454325	0.5792939934297433	0.5682955555961597	0.5608675028255304	0.49462909441942865	0.525622128581973	0.5220824936920487	0.48508321412189553	0.39584557425894695	0.44786905465948634	0.4534214053576797	0.3644427912845053	0.43361188685141044	0.4716133608208562	0.4750397333612052	0.3963300494909635	0.36392070085921047	0.4150821554304025	0.4133359919257929	0.3412499477324973	0.5390514668392403	0.5681908816839601	0.5874246841078081	0.49574961869687456	0.5468503835672583	0.5720450565114471	0.5838424102759404	0.5035012480316783	0.6695693315513059	0.5791058697526112	0.6215403900916785	0.5267483563614385	0.5506762257947281	0.5642888226974679	0.574052747167359	0.5134835429329309	0.4890452817131483	0.6235998697478353	0.6370566759387695	0.5086708752813961	0.6610611791102313	0.7830010797150729	0.7802671076725269	0.7423144809404995	0.750009035049642	0.7722321054449484	0.6866854357915665	0.6582757451837064
MG__LGS3	0.8999687979409704	0.9028317595837808	0.9999999999999998	0.8652036781593259	0.6731012876909886	0.6798081900036456	0.6947598774274183	0.6806339478206562	0.5905957048035217	0.6027016334842954	0.6287516177647253	0.5813381613266098	0.42575432248932255	0.4942796806924786	0.5220206227641115	0.38498660259311523	0.4725449930847948	0.5136724344033647	0.5461835347797408	0.42688763922390316	0.39292407301822213	0.4570702392406543	0.480768142648121	0.36662161090063233	0.5421423533050886	0.5751850530377745	0.6383769713973139	0.4894734763054522	0.5410337665765144	0.5865440708112083	0.6311673612328543	0.5006737636188541	0.6701084175385109	0.5888773837692319	0.6718375443668885	0.5296124219475755	0.5685897600530198	0.588948590980294	0.6299148207179169	0.5362471530651376	0.48966072287752116	0.6097488525025702	0.6797952428801572	0.5202881975363549	0.6433249369870507	0.7356083522077397	0.814128336903906	0.7327636685838044	0.7359667263382333	0.7537639433747452	0.7449665639406805	0.6720750733361964
MG__LVG1	0.9018699031972408	0.8885139383879035	0.8652036781593259	1.0	0.41833075351366844	0.43063117713132526	0.4343716159611996	0.4297558388555998	0.37188078240299394	0.4004392879923054	0.4013740896749421	0.37794701175289874	0.33896278328783014	0.34874626328314196	0.36792901332416983	0.3261970723060412	0.3597070459031569	0.3742173085164582	0.38278463100318133	0.34614634644318537	0.30998368670444815	0.32620760454424935	0.3336606522989022	0.3028966953466116	0.5168357026479873	0.5091977911300718	0.5233113123372948	0.5049162634635567	0.5442347830244921	0.5134061275563873	0.5300082349740906	0.5144602568025185	0.6381234017170644	0.5213440826527622	0.5615285633019156	0.5286063324152694	0.5189575822570984	0.4966711944197018	0.5108505108337579	0.492084350769449	0.47026905060621255	0.5781292729658086	0.5915360241506797	0.50022452990202	0.6344607463331552	0.7395432778984994	0.7347871579541352	0.7573669747047999	0.7128373288762978	0.6892208082061299	0.6141100632753507	0.6413799549429219
Rod__LGS1	0.5408590645753144	0.5589416584454325	0.6731012876909886	0.4183307535136685	1.0	0.9565958411234159	0.9621372868573714	0.9648907329135238	0.870245808733122	0.8300383542782812	0.8745862098978512	0.8335551493191321	0.541772919963172	0.6666917661418355	0.6775394353185292	0.472753506110096	0.6118929709539872	0.6660811897403764	0.7050614755291296	0.5312712743751772	0.5158013732792475	0.6245344186450215	0.6498018534425508	0.467166016575566	0.4603675393651912	0.5306382002635323	0.6370850540208877	0.3589143036469884	0.40790927414747713	0.5412322380511083	0.6098611765615568	0.3668182033896363	0.49912232668396783	0.5234511184175661	0.6261050769061294	0.39506341616912277	0.5335211194726286	0.60903007024998	0.6638200452620299	0.514721290677318	0.42884086358031126	0.4898449788975885	0.6056651376612006	0.45667885031865885	0.4431342450146943	0.4562171566444753	0.6350051800422868	0.4619495507460492	0.5156154708022769	0.5959488554716845	0.7010105219370497	0.5161839274822031
Rod__LGS2	0.5438791776441767	0.5792939934297433	0.6798081900036457	0.4306311771313252	0.956595841123416	1.0	0.9492512100940039	0.9476809415725982	0.8599881830771541	0.8471566654102174	0.8745177348175335	0.8258946875042491	0.5625427045649433	0.7018417330168105	0.6994563273070258	0.49644697526655257	0.6295038349981997	0.6999413233087738	0.7262458013023814	0.5546782623897389	0.5329928525557124	0.657505908872789	0.6675879927838374	0.4886740367616734	0.48098470237292057	0.5709252220210881	0.6613277235779783	0.3827677726421627	0.4316823535563031	0.5833028310766054	0.6375694972971772	0.39432258354538524	0.5183361246243099	0.5630477913674664	0.6520333971240407	0.41992703212170507	0.5452703347428193	0.6418615860316038	0.6791483965848126	0.5284688503638176	0.4459781868290973	0.522274117912279	0.6241798701346395	0.4706681071668213	0.46645200530704917	0.48631574862864774	0.6509769379584721	0.47757962239206003	0.5367643834845277	0.6301816802517847	0.7232603922054865	0.5426620457330871
Rod__LGS3	0.5456670545822552	0.5682955555961597	0.6947598774274183	0.4343716159611996	0.9621372868573715	0.9492512100940039	1.0	0.962912527193982	0.8560326644817381	0.8266277434286605	0.8838691605382474	0.8290059967311253	0.544163581951114	0.6715076360748777	0.696321525907179	0.47986367781168615	0.6139245221409279	0.6728845847096447	0.7254708857573684	0.5395859620236378	0.5155351244263393	0.6271442728247288	0.6655608449593348	0.47364848331961484	0.4869273897840669	0.5569704160874452	0.6729637663061162	0.39149123812264874	0.4380104684225954	0.5675443517914018	0.6466991844185379	0.4009567115944782	0.5219097001482482	0.5438541999773494	0.6565447173885807	0.4247304116611937	0.5498918502745594	0.6245388113178567	0.6905480498222392	0.533477883497196	0.4454997200979252	0.5078054124082412	0.6329921295593495	0.4776598529435594	0.451466396619652	0.4668323740872659	0.6553253682791123	0.4749372586278629	0.5257361565712269	0.60653342497315	0.7223335525400832	0.5303786344753033
Rod__LVG1	0.538914727795301	0.5608675028255306	0.6806339478206561	0.42975583885559987	0.9648907329135238	0.9476809415725982	0.962912527193982	1.0	0.8594794322147403	0.8273831697706127	0.8753184056184024	0.8372621016001744	0.5362779249096589	0.6633047393835937	0.6815081245892339	0.47608086593404536	0.6048124831676414	0.6628379992517739	0.7086575195615139	0.535430040943563	0.5106392458885749	0.6231413596474198	0.6540761160496706	0.4729707489452224	0.4595984142158929	0.5338962185877999	0.6460394103800062	0.3674634393307073	0.40944764799303696	0.5450106748744918	0.6191223876173484	0.3747663275323353	0.49946244113068217	0.5266847672864834	0.6358814109811721	0.4029997040184893	0.5322165746058408	0.6102218539436827	0.6705074941386124	0.5212506460453428	0.43007511078405847	0.4935405440096913	0.6136227769329785	0.46460243565348525	0.4453385769735892	0.4600117585815498	0.6448085214943832	0.47151954402972795	0.5160423964731514	0.5989616653512683	0.7103126931313534	0.5278770989153346
Cone__LGS1	0.4731336839071011	0.4946290944194287	0.5905957048035216	0.3718807824029939	0.870245808733122	0.859988183077154	0.856032664481738	0.8594794322147403	1.0	0.8985155887517713	0.911829119748701	0.9151297088007049	0.5750040133442385	0.6737684116061468	0.6784784160226757	0.5162005993729839	0.6410102255781766	0.6815076746793788	0.7075734272755037	0.5761972666776343	0.5464531271374379	0.6368340401919214	0.6529321558269233	0.5077198181392909	0.46573813089350824	0.5277014439541368	0.6175968356224235	0.3738902942868625	0.4151984163424154	0.5305685283746648	0.5894228254531737	0.380504703435831	0.4784744278845164	0.5173464017096094	0.5985225356626507	0.397312265461808	0.5234425233727995	0.5947375657250175	0.6341835754925607	0.5050181770976292	0.43042587551595546	0.4847945273098926	0.5759909854251255	0.4535293266633969	0.4302413582078429	0.4336585399236248	0.5876365474731058	0.43626663594731113	0.49246719755799157	0.5633530155716144	0.6579876334368708	0.49669643633452987
Cone__LGS2	0.490947602712178	0.525622128581973	0.6027016334842954	0.4004392879923054	0.8300383542782811	0.8471566654102174	0.8266277434286605	0.8273831697706127	0.8985155887517713	0.9999999999999998	0.8911507952176518	0.8815366739200619	0.5979048713279177	0.706274090579525	0.6980452594786558	0.5460663241927359	0.6562260968483077	0.7119659751420117	0.7239148801641541	0.6004541368553235	0.5677863866808178	0.6704519718588947	0.6694293541323809	0.5358122867978962	0.49501735226637916	0.5770704242525568	0.6440412350021346	0.4084221609333124	0.4549188500064146	0.5840532531889332	0.6223741355900777	0.421375751859085	0.513392069049851	0.5713138234737186	0.6314868104483274	0.43718095641993615	0.5456706385705649	0.6348485108797436	0.6552846400895581	0.5279362751108809	0.4563039509013287	0.528537620485127	0.6015537222045163	0.4743039164836215	0.4697991676966586	0.48257249904495686	0.6130355764353934	0.46948780568276877	0.5293670870473831	0.6076500130422628	0.6833289053481946	0.5359102718930544
Cone__LGS3	0.4967699787836406	0.5220824936920487	0.6287516177647253	0.40137408967494215	0.8745862098978512	0.8745177348175335	0.8838691605382473	0.8753184056184024	0.911829119748701	0.8911507952176518	1.0	0.8923023764898352	0.6251998130374586	0.7254127044780748	0.743737152240984	0.5700990139291585	0.6861354512559282	0.7302078271865279	0.7689042469781454	0.6261139791610153	0.5949325791334382	0.6875928509058713	0.7160465303461101	0.562418471835646	0.527586238113213	0.5906758617128934	0.6891821428462208	0.43786361816348135	0.4755281269771868	0.5885848728224717	0.6558189116408035	0.44385297742545926	0.5358636245473981	0.5696300393352228	0.6609084336549967	0.4609253751223621	0.5697921761949035	0.6458630832437124	0.6928825313225829	0.5513507578824032	0.4723511119128755	0.5312526828147408	0.6318632413415795	0.4998608498824769	0.46444304892054783	0.471915972718072	0.6309509256029252	0.4729981954420136	0.5323460596593643	0.6029518584151343	0.7077710009407455	0.5356718668055088
Cone__LVG1	0.46226959325081923	0.4850832141218955	0.5813381613266098	0.37794701175289874	0.8335551493191322	0.8258946875042492	0.8290059967311252	0.8372621016001746	0.9151297088007049	0.8815366739200617	0.8923023764898353	1.0	0.5290127261275795	0.6256703921875071	0.6359839824447588	0.4842470316639769	0.6031105372750591	0.6439576662297621	0.6751863641158324	0.5544777932405556	0.49209903047163034	0.5833634411900802	0.6032147566109369	0.46682653270583335	0.4452196338036701	0.5021046388562012	0.5924780931316046	0.36944483381975274	0.39827837091108365	0.5067151992355865	0.5674473697591726	0.3716437146841788	0.4583222438111129	0.49630083391166174	0.5782883743400203	0.3889918935528379	0.5046851761443517	0.565697768436465	0.6120141370399952	0.49764049998657567	0.41975866680083296	0.4700843329233159	0.5622143721459626	0.4501727616544009	0.41158547855744076	0.4184673418448617	0.5737448602097613	0.43069677710338805	0.47068414496517363	0.5402179891280601	0.6338421459484639	0.48419581800839906
ON_cone_bipolar__LGS1	0.37971913315267547	0.39584557425894695	0.42575432248932255	0.33896278328783014	0.541772919963172	0.5625427045649433	0.544163581951114	0.536277924909659	0.5750040133442385	0.5979048713279178	0.6251998130374586	0.5290127261275795	1.0	0.8793003858804104	0.8754940980662214	0.8950218282070037	0.816118496895807	0.7984527121913324	0.7832871418968078	0.7990127592864712	0.8291161424102811	0.8186687120996758	0.8178140865042804	0.8193655055788757	0.5935564148417319	0.617061251762912	0.638441057236624	0.5244954710395925	0.5904315196619357	0.6145832560072573	0.6325838715500649	0.5679620321483662	0.5812461386893233	0.5848633072105046	0.6082775343791911	0.5691423848400556	0.5854808646258074	0.6549096287871354	0.6302260938998566	0.560413409720909	0.48976613272606623	0.5351787424220693	0.5458995292731141	0.5000524474771142	0.4775939477566661	0.48191085551570634	0.4983283500523875	0.454078636406443	0.5244646467869756	0.5538164765110545	0.592484554060763	0.5024122551697059
ON_cone_bipolar__LGS2	0.4105818410938801	0.44786905465948634	0.4942796806924786	0.34874626328314196	0.6666917661418355	0.7018417330168105	0.6715076360748777	0.6633047393835937	0.6737684116061469	0.706274090579525	0.7254127044780748	0.6256703921875071	0.8793003858804105	1.0	0.8995946951719521	0.8447413637238931	0.8177955718809332	0.8445342327363159	0.827462245361751	0.78303092078813	0.8009966195654347	0.8525822781152723	0.8394756079566179	0.7823610318707626	0.5743019584503236	0.643968681763738	0.6752783618174478	0.48914713318146386	0.5612605803588033	0.6532848808115862	0.6679395084314733	0.5367884022502312	0.5777696087875892	0.6216784775607174	0.6546375287242816	0.5446160776045821	0.5863262536499513	0.6943361962122562	0.6701278962261977	0.561639892911667	0.4839037333442279	0.5563162330262579	0.5842857100731924	0.49492725224283174	0.48997312370615426	0.5035003144409105	0.5539130622002505	0.4611048857294319	0.5413599371917053	0.6073590736468407	0.6594309357149853	0.5333569589008856
ON_cone_bipolar__LGS3	0.4283209050427701	0.4534214053576797	0.5220206227641115	0.36792901332416983	0.6775394353185292	0.6994563273070257	0.696321525907179	0.6815081245892339	0.6784784160226756	0.6980452594786559	0.743737152240984	0.6359839824447588	0.8754940980662216	0.8995946951719522	1.0	0.8451551425926468	0.8117607645807915	0.8256154308889778	0.8400412056149068	0.7813551603211574	0.7981042046556787	0.8336066681467825	0.852409381125856	0.7837956478983079	0.6036083878846037	0.6522657185904728	0.7099516043878187	0.523737925616131	0.5820025494559128	0.649334306423235	0.6916200702009366	0.5578707478096473	0.6007841557789052	0.6192420935064208	0.6762711775832977	0.5683856294254779	0.609224170351884	0.6957973519255319	0.6996731390062297	0.5862090536866954	0.5027861289374713	0.5612952634378992	0.6123532936542998	0.5213785275001154	0.4927381261163751	0.5018460124482315	0.574775742218742	0.4777683239783317	0.5512413439658016	0.6034386435094532	0.677559727296216	0.5410013894230767
ON_cone_bipolar__LVG1	0.3482075738355572	0.3644427912845053	0.3849866025931153	0.3261970723060413	0.472753506110096	0.4964469752665525	0.47986367781168615	0.47608086593404536	0.516200599372984	0.546066324192736	0.5700990139291585	0.4842470316639769	0.8950218282070038	0.8447413637238931	0.8451551425926467	1.0	0.8009788429704827	0.7769205802507664	0.7611196829107657	0.8129704668626296	0.7957029219453272	0.7790522180441117	0.7772864211727532	0.8118660321370329	0.578698199007117	0.593937185179478	0.606618830023116	0.5321362374815285	0.5825705307215515	0.586440481956636	0.6010831278093838	0.5723875595002518	0.5579748067561994	0.5608813587714487	0.5742427588558767	0.5690436405137345	0.5630406274383563	0.6237502746717224	0.5968612670792215	0.5501897777002132	0.4787226390002313	0.520343402365383	0.5197545807738344	0.4981134900308569	0.45546589526720427	0.45981428925898504	0.4604754453795637	0.44083607265416946	0.49503981912264217	0.5194659280379198	0.5486582645744779	0.4788318228696365
OFF_cone_bipolar__LGS1	0.41532257384860366	0.4336118868514105	0.4725449930847948	0.35970704590315694	0.6118929709539872	0.6295038349981997	0.6139245221409279	0.6048124831676414	0.6410102255781767	0.6562260968483077	0.6861354512559282	0.6031105372750591	0.816118496895807	0.8177955718809332	0.8117607645807915	0.8009788429704827	1.0	0.9098072365217115	0.8999831963304475	0.9108208164569926	0.7148126860131236	0.7373919733367833	0.7418315766340888	0.7077292631016626	0.6028860372321303	0.6217701589834685	0.6580758361737987	0.5345703335051909	0.591697866227526	0.6218148824277672	0.6497714970947533	0.5657150131599291	0.5811357761260124	0.5871647920303805	0.6185905481881482	0.5611780666411119	0.5882723832322077	0.6552862031796716	0.6465941429840818	0.573615004133155	0.5087245826680159	0.5508198801813808	0.5812432538067752	0.5281591920727062	0.4663948557927789	0.4733705528369852	0.5256787724085348	0.4684463445890639	0.5212788626839697	0.5561792736546926	0.6135212733100097	0.5018171842943043
OFF_cone_bipolar__LGS2	0.43657800650273304	0.47161336082085625	0.5136724344033647	0.37421730851645824	0.6660811897403766	0.6999413233087738	0.6728845847096447	0.662837999251774	0.6815076746793788	0.7119659751420118	0.730207827186528	0.6439576662297621	0.7984527121913324	0.8445342327363159	0.8256154308889778	0.7769205802507664	0.9098072365217115	1.0	0.9119798670606213	0.8843791867976999	0.6977924085239157	0.7588167805370333	0.7496767932873086	0.6883059004058235	0.5952145606182557	0.6496255390907723	0.6824273598269663	0.5218016008525516	0.5839408521342176	0.6603494603742588	0.6769213021991228	0.559851751512193	0.5864355092462453	0.6237983099442154	0.6508051495216598	0.5576097073061121	0.5885845648078317	0.685454882422169	0.6687307970011066	0.5767226346565394	0.5061805567549589	0.5704017528445815	0.6031671500276264	0.5230065366438728	0.4824926766253619	0.49755748877095696	0.5607301240190286	0.47965939954826653	0.538670223973762	0.5969802236651697	0.6545881353725227	0.5283378918509769
OFF_cone_bipolar__LGS3	0.4483012302516777	0.47503973336120525	0.5461835347797408	0.3827846310031814	0.7050614755291296	0.7262458013023814	0.7254708857573685	0.7086575195615138	0.7075734272755037	0.7239148801641541	0.7689042469781454	0.6751863641158324	0.7832871418968078	0.827462245361751	0.8400412056149068	0.7611196829107657	0.8999831963304477	0.9119798670606213	1.0	0.8744137566754682	0.6859199098404887	0.7424337664174377	0.7637136705790498	0.678218445659181	0.6091849036097677	0.6503991752787207	0.7157716240837135	0.5376043933629514	0.5882241122448663	0.6546980144945681	0.7010549720937704	0.56631477098756	0.596971923312204	0.6189913312636955	0.6748217102110001	0.5667181155235012	0.6047050133128011	0.684904136663301	0.7002332610238627	0.5935801473621379	0.5141073635327075	0.5677178307340682	0.6302057037117967	0.5398566549762456	0.477936261617608	0.48734243068793687	0.5838409019242168	0.4854182141584065	0.5396414148322057	0.5913740705270356	0.6784433043533635	0.5320839667449832
OFF_cone_bipolar__LVG1	0.3768936749290425	0.3963300494909635	0.42688763922390316	0.34614634644318537	0.5312712743751772	0.5546782623897389	0.5395859620236378	0.535430040943563	0.5761972666776343	0.6004541368553235	0.6261139791610154	0.5544777932405555	0.7990127592864712	0.78303092078813	0.7813551603211574	0.8129704668626296	0.9108208164569926	0.8843791867977	0.8744137566754682	0.9999999999999998	0.6903213733695307	0.704113664279817	0.7068986085186171	0.7065266086851185	0.5887109772708875	0.6001593502749498	0.6280423473801947	0.5450804356956311	0.583519994961754	0.5980125749195094	0.6217903315524865	0.5735335621987065	0.5562481219598541	0.5641631185351137	0.5848555670915406	0.5616754901123617	0.5618378152593427	0.6236659621256944	0.6103036527980794	0.5608616309691841	0.4956718577422984	0.5338499765531465	0.5522096391521059	0.5225860120135399	0.44445375599872655	0.4523369596710494	0.48706563695064314	0.4547238275405586	0.49147457748667045	0.5198008716596196	0.5699718936911075	0.48060019004043164
Rod_bipolar__LGS1	0.3594145321661489	0.3639207008592104	0.39292407301822213	0.30998368670444815	0.5158013732792475	0.5329928525557124	0.5155351244263393	0.510639245888575	0.5464531271374379	0.5677863866808178	0.5949325791334381	0.4920990304716304	0.8291161424102811	0.8009966195654346	0.7981042046556788	0.7957029219453273	0.7148126860131236	0.6977924085239157	0.6859199098404888	0.6903213733695307	1.0	0.8846846134166672	0.8886890659669001	0.9017288771153276	0.5632107333223962	0.5849847690215805	0.6123771840307091	0.48242850145655797	0.5471012035767516	0.5682911282437105	0.5892147797394834	0.5165324907368587	0.5467148610006036	0.5380785827224228	0.5767098976517507	0.5178550256238014	0.561056511301958	0.634377483697358	0.6050537747850224	0.5253518590707064	0.4621788596363132	0.510844451517351	0.5164328000163313	0.4716786743014491	0.4674432087493427	0.46959080696311134	0.47733593453944456	0.4295882464608782	0.5135139156649099	0.5368578872146608	0.572109531868774	0.4909067123968416
Rod_bipolar__LGS2	0.3875745612075609	0.4150821554304025	0.4570702392406543	0.3262076045442493	0.6245344186450215	0.657505908872789	0.6271442728247288	0.6231413596474198	0.6368340401919214	0.6704519718588947	0.6875928509058713	0.5833634411900801	0.8186687120996758	0.8525822781152723	0.8336066681467825	0.7790522180441117	0.7373919733367833	0.7588167805370332	0.7424337664174377	0.704113664279817	0.884684613416667	0.9999999999999998	0.9016930799458639	0.8669226024723569	0.5540051073759895	0.6208789309872158	0.6519262141276302	0.4647888949873716	0.5316247288771061	0.6139512319357652	0.6292993119163921	0.5040305171245477	0.5505113537562749	0.5807811407536837	0.6246830696358106	0.5095555929664395	0.5648921073359796	0.6775352254755415	0.645160165248026	0.5346700116215783	0.46539832588909347	0.5396012788828479	0.5564033014103594	0.4745062612727556	0.48184024473885534	0.4964079060038557	0.5295019752099729	0.44354851430831843	0.5309286521486497	0.5894145031782704	0.635537060545001	0.5226949033388136
Rod_bipolar__LGS3	0.3973769806332239	0.4133359919257929	0.48076814264812107	0.3336606522989022	0.6498018534425508	0.6675879927838374	0.6655608449593348	0.6540761160496706	0.6529321558269233	0.6694293541323808	0.7160465303461101	0.603214756610937	0.8178140865042804	0.8394756079566179	0.852409381125856	0.7772864211727533	0.7418315766340888	0.7496767932873086	0.7637136705790498	0.706898608518617	0.8886890659669	0.9016930799458638	1.0	0.8716175454077707	0.5698028337203629	0.6152452096151098	0.6792270333171796	0.4815675747317448	0.5442758169610286	0.6074593490831717	0.6512434139986972	0.5171251386043193	0.5672125118283542	0.575961010317543	0.6455177430115939	0.5266762146698045	0.5835929323324716	0.675011365446422	0.6737917979722854	0.5547314595146683	0.4738524292015623	0.5336083943669948	0.5786606831951507	0.4922266338605822	0.4771228336533336	0.48469212382742277	0.5473379935215197	0.45016920264556387	0.5316058352665863	0.5795276508381162	0.6527654554093035	0.5225434801997085
Rod_bipolar__LVG1	0.3335963111258932	0.3412499477324973	0.3666216109006323	0.3028966953466116	0.467166016575566	0.48867403676167337	0.4736484833196148	0.4729707489452224	0.507719818139291	0.5358122867978962	0.562418471835646	0.4668265327058333	0.8193655055788757	0.7823610318707626	0.7837956478983078	0.8118660321370329	0.7077292631016626	0.6883059004058235	0.678218445659181	0.7065266086851184	0.9017288771153277	0.8669226024723569	0.8716175454077706	1.0	0.5519951375811076	0.5723768819910886	0.5954787651964062	0.4916922885073962	0.5393618368243376	0.5508257289436815	0.5710173296809845	0.5226991539399036	0.5292434729467108	0.5229814224213722	0.5572140234171696	0.5212426462270092	0.542253542940674	0.6144510595621734	0.584359988743681	0.5207159837043132	0.4529611579326272	0.5017753790407486	0.5004629799118874	0.47098798757207216	0.44756970714411304	0.45427253999432965	0.45269099203520097	0.4195447527715222	0.49043262267600113	0.5119163728201105	0.5461002021298105	0.47686128209735384
GABA_amacrine__LGS1	0.5435246498293513	0.5390514668392403	0.5421423533050886	0.5168357026479873	0.4603675393651912	0.4809847023729205	0.48692738978406686	0.459598414215893	0.46573813089350824	0.49501735226637916	0.527586238113213	0.4452196338036701	0.5935564148417319	0.5743019584503236	0.6036083878846038	0.578698199007117	0.6028860372321303	0.5952145606182557	0.6091849036097678	0.5887109772708875	0.5632107333223961	0.5540051073759895	0.5698028337203628	0.5519951375811075	1.0	0.8203240355658962	0.8196872673434801	0.8658347129496111	0.7507405161314815	0.6633526545295267	0.7067953063279852	0.7231879374086471	0.7315650652131515	0.63564663013162	0.6637289181059393	0.7173382886320733	0.7136434171706137	0.6978563762574223	0.6959723909412883	0.6765355007038922	0.6923282598455662	0.702181401946634	0.7057403439042751	0.7142785420945692	0.5383408655622376	0.5625533742974302	0.5738670939464319	0.563070742141	0.624383293661348	0.599903935314995	0.5984295717261511	0.5562847528953777
GABA_amacrine__LGS2	0.5486669851134351	0.5681908816839603	0.5751850530377745	0.5091977911300718	0.5306382002635323	0.5709252220210881	0.5569704160874454	0.5338962185877999	0.5277014439541369	0.5770704242525568	0.5906758617128934	0.5021046388562012	0.617061251762912	0.643968681763738	0.6522657185904728	0.5939371851794781	0.6217701589834685	0.6496255390907723	0.6503991752787206	0.6001593502749498	0.5849847690215804	0.6208789309872158	0.6152452096151099	0.5723768819910885	0.8203240355658962	0.9999999999999999	0.8166450623944101	0.7801295426467093	0.708422013392869	0.7064514313665808	0.7207635098541028	0.6826499541600983	0.7132061406317582	0.6841275012748024	0.6967813099682988	0.6836344063076227	0.6899154203644943	0.727588307454707	0.7093805938190886	0.6572168150927536	0.6600226095804231	0.7097457864199395	0.708176652408125	0.6697189966920493	0.5632062408253616	0.5949686778480286	0.6127354754327199	0.5669511004998916	0.6383847412502449	0.6522657039186649	0.6527935877747191	0.5900189012126871
GABA_amacrine__LGS3	0.5746692887551703	0.587424684107808	0.6383769713973139	0.5233113123372947	0.6370850540208877	0.6613277235779783	0.6729637663061162	0.6460394103800061	0.6175968356224235	0.6440412350021346	0.6891821428462208	0.5924780931316045	0.638441057236624	0.6752783618174478	0.7099516043878187	0.606618830023116	0.6580758361737987	0.6824273598269665	0.7157716240837135	0.6280423473801947	0.612377184030709	0.6519262141276302	0.6792270333171796	0.5954787651964062	0.81968726734348	0.8166450623944101	1.0	0.7688186762947864	0.7016610418700072	0.7035920855251576	0.7622134680851802	0.6760458597237573	0.7225929627786654	0.6743357214685529	0.7381437458846244	0.6805436307031875	0.7091771301101075	0.740519442108183	0.7614242514754527	0.6780623271669297	0.6579439186103941	0.700850353485763	0.749339554695588	0.6839450956764672	0.561062278501358	0.5863624805077006	0.6613256519067485	0.5809598584799303	0.6462373391861574	0.6635725131959757	0.7080517124793885	0.6045196168548065
GABA_amacrine__LVG1	0.501926143530936	0.49574961869687456	0.48947347630545224	0.5049162634635567	0.35891430364698845	0.3827677726421628	0.39149123812264874	0.3674634393307073	0.37389029428686255	0.4084221609333124	0.4378636181634814	0.36944483381975274	0.5244954710395925	0.4891471331814639	0.5237379256161309	0.5321362374815285	0.5345703335051909	0.5218016008525515	0.5376043933629515	0.5450804356956311	0.48242850145655797	0.4647888949873715	0.4815675747317448	0.49169228850739616	0.8658347129496112	0.7801295426467093	0.7688186762947864	0.9999999999999998	0.735263660547599	0.6191877192744978	0.6591437941157824	0.7282440522668688	0.698106870095808	0.5977914493204121	0.6132506763136034	0.7170718615568926	0.6742145653616394	0.6410036789219076	0.639258490939216	0.6543321278371348	0.6735663575824645	0.6725931640737998	0.6639891015809686	0.7059794920281952	0.501354255796423	0.5236711890267464	0.5198108964797205	0.5405569090722514	0.5769997245556825	0.5403401849384337	0.5300782818783585	0.5194409074260324
Gly_amacrine__LGS1	0.5574210382403281	0.5468503835672583	0.5410337665765144	0.5442347830244921	0.40790927414747713	0.4316823535563031	0.4380104684225954	0.40944764799303696	0.4151984163424154	0.4549188500064146	0.47552812697718694	0.39827837091108365	0.5904315196619359	0.5612605803588033	0.5820025494559128	0.5825705307215515	0.5916978662275258	0.5839408521342175	0.5882241122448664	0.5835199949617541	0.5471012035767516	0.5316247288771061	0.5442758169610286	0.5393618368243376	0.7507405161314815	0.708422013392869	0.7016610418700073	0.735263660547599	1.0	0.7432682755745886	0.7698153809053777	0.8454669449713907	0.7457968831082397	0.6561463711582595	0.6584184160265428	0.7374166128680244	0.6706411492296221	0.6534344874076844	0.6457639341204552	0.6347614057844367	0.6457813136291257	0.6630884598589454	0.6553135588796237	0.6556352282051402	0.5596912728164335	0.5813355652743347	0.5750927067735799	0.5922229566070037	0.617765257733305	0.5904190256361815	0.576385776581428	0.5643426278410099
Gly_amacrine__LGS2	0.5529410439365624	0.5720450565114471	0.5865440708112083	0.5134061275563873	0.5412322380511082	0.5833028310766054	0.5675443517914018	0.545010674874492	0.5305685283746648	0.5840532531889331	0.5885848728224717	0.5067151992355865	0.6145832560072573	0.6532848808115861	0.649334306423235	0.5864404819566359	0.6218148824277672	0.6603494603742587	0.6546980144945681	0.5980125749195094	0.5682911282437105	0.6139512319357651	0.6074593490831717	0.5508257289436815	0.6633526545295266	0.7064514313665808	0.7035920855251575	0.6191877192744979	0.7432682755745886	1.0	0.7679940128128482	0.72642404706544	0.6965426186604586	0.7090247647186207	0.6998301146802005	0.661291280351132	0.6313689062939701	0.6819575429908903	0.6655642603808162	0.6004594299880002	0.5845530342054465	0.6432254839165327	0.6524805223132539	0.5791621740242503	0.5733980829504853	0.5968034589183274	0.6214338243090826	0.5721861427066669	0.6237909350384897	0.6469776334183079	0.6535330899526822	0.5989586561113395
Gly_amacrine__LGS3	0.5731725721967103	0.5838424102759405	0.6311673612328542	0.5300082349740906	0.6098611765615569	0.6375694972971772	0.6466991844185379	0.6191223876173484	0.5894228254531737	0.6223741355900777	0.6558189116408035	0.5674473697591726	0.6325838715500649	0.6679395084314734	0.6916200702009366	0.6010831278093837	0.6497714970947535	0.6769213021991228	0.7010549720937705	0.6217903315524865	0.5892147797394834	0.6292993119163921	0.6512434139986972	0.5710173296809845	0.7067953063279852	0.7207635098541028	0.7622134680851802	0.6591437941157824	0.7698153809053777	0.7679940128128482	1.0	0.756680089696906	0.7200141078460095	0.6878002617488178	0.7322022431645149	0.6838322624725068	0.6714258009721996	0.7053573223694994	0.7209222281641293	0.6419797128643248	0.6155855495886042	0.6616642228545475	0.7056309514545807	0.6325951103746573	0.5588309310275055	0.5816722676046987	0.6503120518470021	0.5815198609739702	0.6274990690848553	0.6475002888116848	0.6882252005768779	0.5998392345564312
Gly_amacrine__LVG1	0.5089487797973591	0.5035012480316783	0.5006737636188541	0.5144602568025185	0.3668182033896363	0.39432258354538524	0.40095671159447827	0.3747663275323353	0.3805047034358309	0.421375751859085	0.44385297742545926	0.37164371468417884	0.5679620321483662	0.5367884022502312	0.5578707478096473	0.5723875595002518	0.5657150131599291	0.559851751512193	0.5663147709875599	0.5735335621987065	0.5165324907368587	0.5040305171245478	0.5171251386043193	0.5226991539399035	0.7231879374086471	0.6826499541600984	0.6760458597237573	0.7282440522668688	0.8454669449713907	0.72642404706544	0.756680089696906	1.0	0.7161404556728267	0.6367867896711927	0.6360438697974689	0.7342850646817087	0.6400643593107206	0.6235010127111426	0.6167947076172803	0.6183977640946632	0.627964194647722	0.6408505281648091	0.630095258603576	0.6441797236021799	0.5272132840661381	0.544517841940319	0.5363257072986034	0.5624406911892801	0.5757193902334771	0.5506219543020706	0.5398390610016903	0.5381684562391984
AII_amacrine__LGS1	0.6766779018176139	0.6695693315513059	0.6701084175385109	0.6381234017170644	0.49912232668396783	0.5183361246243099	0.5219097001482481	0.4994624411306822	0.4784744278845164	0.513392069049851	0.5358636245473981	0.4583222438111129	0.5812461386893233	0.5777696087875893	0.6007841557789051	0.5579748067561994	0.5811357761260123	0.5864355092462454	0.596971923312204	0.5562481219598541	0.5467148610006037	0.5505113537562749	0.5672125118283542	0.5292434729467108	0.7315650652131515	0.7132061406317582	0.7225929627786654	0.698106870095808	0.7457968831082397	0.6965426186604586	0.7200141078460094	0.7161404556728266	1.0	0.7145954013049947	0.7379494400423995	0.7901317723665414	0.7130433931513532	0.7016311391597814	0.7042394325433186	0.6674234752901476	0.611208100707658	0.6726005414668759	0.685864623455431	0.6337682814442385	0.6072433556691725	0.6538060400635565	0.6608140393596288	0.6385336250760446	0.6962974038443004	0.6801185411950535	0.6572123008423074	0.6192541446591843
AII_amacrine__LGS2	0.5599485397440528	0.5791058697526112	0.5888773837692319	0.5213440826527622	0.5234511184175661	0.5630477913674664	0.5438541999773494	0.5266847672864833	0.5173464017096094	0.5713138234737186	0.5696300393352228	0.4963008339116618	0.5848633072105046	0.6216784775607174	0.6192420935064208	0.5608813587714487	0.5871647920303805	0.6237983099442154	0.6189913312636954	0.5641631185351137	0.5380785827224228	0.5807811407536837	0.5759610103175429	0.5229814224213722	0.6356466301316201	0.6841275012748024	0.6743357214685529	0.5977914493204121	0.6561463711582595	0.7090247647186209	0.6878002617488179	0.6367867896711927	0.7145954013049945	1.0	0.7081973019923218	0.6830838386520993	0.6339069116014129	0.6752873380672496	0.6603589811079728	0.6040970240550843	0.559671018307198	0.6274737740929742	0.6311968850113281	0.557178471869298	0.579347850763528	0.6003176546350436	0.6116281409723435	0.5650358040067656	0.629712814510242	0.6508073357227308	0.6454375707213987	0.6043361203267871
AII_amacrine__LGS3	0.6085475232631556	0.6215403900916785	0.6718375443668885	0.5615285633019156	0.6261050769061294	0.6520333971240407	0.6565447173885807	0.6358814109811721	0.5985225356626507	0.6314868104483276	0.6609084336549967	0.5782883743400203	0.6082775343791911	0.6546375287242816	0.6762711775832977	0.5742427588558767	0.6185905481881481	0.6508051495216598	0.674821710211	0.5848555670915407	0.5767098976517507	0.6246830696358106	0.6455177430115938	0.5572140234171697	0.6637289181059391	0.6967813099682988	0.7381437458846244	0.6132506763136034	0.6584184160265427	0.6998301146802004	0.7322022431645149	0.6360438697974689	0.7379494400423995	0.7081973019923219	1.0	0.6900993429776506	0.671235089958183	0.7097053497919834	0.7261302646530731	0.6412624536615837	0.5789693838623512	0.6473285603151941	0.6945087821390711	0.5959961447483068	0.5787365726009638	0.6080769651466409	0.6766239038391838	0.5935687979879138	0.6537924660934203	0.6776659621182958	0.7125622319081861	0.6220740349864434
AII_amacrine__LVG1	0.5260224483315102	0.5267483563614385	0.5296124219475755	0.5286063324152694	0.39506341616912277	0.41992703212170507	0.4247304116611937	0.40299970401848934	0.397312265461808	0.4371809564199361	0.46092537512236204	0.3889918935528379	0.5691423848400556	0.5446160776045821	0.5683856294254779	0.5690436405137345	0.5611780666411119	0.5576097073061121	0.566718115523501	0.5616754901123617	0.5178550256238014	0.5095555929664394	0.5266762146698045	0.5212426462270093	0.7173382886320734	0.6836344063076227	0.6805436307031876	0.7170718615568926	0.7374166128680244	0.661291280351132	0.6838322624725068	0.7342850646817087	0.7901317723665414	0.6830838386520994	0.6900993429776507	1.0	0.6864425531979383	0.6655169523544032	0.660440319505127	0.6619886346755463	0.5997205340323231	0.6275834871516848	0.6269647032417595	0.627154376434638	0.5228122851653509	0.5500023952545279	0.5475682906200754	0.5555279324104652	0.5912557553604196	0.5740887371980417	0.5638403009744645	0.5472914690108716
Horizontal__LGS1	0.5564392508886037	0.5506762257947281	0.5685897600530198	0.5189575822570984	0.5335211194726286	0.5452703347428193	0.5498918502745594	0.5322165746058407	0.5234425233727995	0.5456706385705647	0.5697921761949035	0.5046851761443517	0.5854808646258073	0.5863262536499513	0.6092241703518841	0.5630406274383563	0.5882723832322077	0.5885845648078317	0.6047050133128012	0.5618378152593426	0.561056511301958	0.5648921073359795	0.5835929323324714	0.542253542940674	0.7136434171706137	0.6899154203644943	0.7091771301101075	0.6742145653616395	0.670641149229622	0.6313689062939701	0.6714258009721996	0.6400643593107206	0.7130433931513532	0.6339069116014129	0.6712350899581832	0.6864425531979383	0.9999999999999998	0.830538703501535	0.8420625733355764	0.8546427594537326	0.6090316034532569	0.6440055535917575	0.6624437621164176	0.6356701855380835	0.5269145230512347	0.5514214381825152	0.5869908184861503	0.5536333015790708	0.6216794256486381	0.6226782789096476	0.6252300089687886	0.5599193279997943
Horizontal__LGS2	0.5451989086812739	0.5642888226974679	0.588948590980294	0.4966711944197018	0.60903007024998	0.6418615860316038	0.6245388113178568	0.6102218539436827	0.5947375657250175	0.6348485108797435	0.6458630832437126	0.565697768436465	0.6549096287871354	0.6943361962122562	0.6957973519255319	0.6237502746717224	0.6552862031796716	0.685454882422169	0.684904136663301	0.6236659621256943	0.634377483697358	0.6775352254755416	0.6750113654464219	0.6144510595621733	0.6978563762574223	0.7275883074547069	0.740519442108183	0.6410036789219076	0.6534344874076845	0.6819575429908902	0.7053573223694994	0.6235010127111426	0.7016311391597814	0.6752873380672496	0.7097053497919834	0.6655169523544032	0.830538703501535	1.0	0.8476121972190156	0.814900585299661	0.5989701877190714	0.6659642748085293	0.6797012364528213	0.6159580722449657	0.5493857965176207	0.5772433409188772	0.6187924016027817	0.5532912595469928	0.6358195347679096	0.6731027491475701	0.6829351051857433	0.5918412219915025
Horizontal__LGS3	0.5658588765742067	0.574052747167359	0.6299148207179168	0.5108505108337579	0.6638200452620298	0.6791483965848126	0.6905480498222392	0.6705074941386125	0.6341835754925608	0.6552846400895581	0.6928825313225829	0.6120141370399952	0.6302260938998566	0.6701278962261976	0.6996731390062297	0.5968612670792215	0.6465941429840817	0.6687307970011066	0.7002332610238627	0.6103036527980794	0.6050537747850223	0.6451601652480261	0.6737917979722854	0.5843599887436811	0.6959723909412883	0.7093805938190886	0.7614242514754528	0.639258490939216	0.6457639341204553	0.6655642603808163	0.7209222281641293	0.6167947076172802	0.7042394325433186	0.6603589811079728	0.7261302646530731	0.6604403195051269	0.8420625733355763	0.8476121972190157	1.0	0.8325934386515772	0.5956928743560603	0.6482425810675755	0.7011307638688913	0.6252664411206591	0.5387365226590911	0.5639138699109448	0.6468835921329898	0.5623991922623885	0.6315744639069901	0.6611377230345674	0.7037635755615073	0.5886263958387342
Horizontal__LVG1	0.5140912947819041	0.5134835429329307	0.5362471530651376	0.49208435076944895	0.514721290677318	0.5284688503638176	0.533477883497196	0.5212506460453428	0.5050181770976292	0.5279362751108808	0.5513507578824031	0.49764049998657567	0.560413409720909	0.561639892911667	0.5862090536866954	0.5501897777002132	0.573615004133155	0.5767226346565395	0.5935801473621379	0.560861630969184	0.5253518590707063	0.5346700116215785	0.5547314595146683	0.5207159837043132	0.6765355007038923	0.6572168150927538	0.6780623271669297	0.6543321278371349	0.6347614057844367	0.6004594299880001	0.6419797128643248	0.6183977640946632	0.6674234752901476	0.6040970240550843	0.6412624536615837	0.6619886346755463	0.8546427594537325	0.814900585299661	0.8325934386515773	1.0	0.5856923752001651	0.6183612489102278	0.6360222440724675	0.6191359975785864	0.49529732670957993	0.5160248545292276	0.5567891219639906	0.5279831879105925	0.5811769290488478	0.5896437765121966	0.5978314984035531	0.5368365436064542
RGC__LGS1	0.4937660482356396	0.48904528171314826	0.4896607228775212	0.4702690506062125	0.42884086358031126	0.44597818682909735	0.4454997200979252	0.43007511078405847	0.4304258755159555	0.4563039509013287	0.47235111191287543	0.419758666800833	0.4897661327260662	0.4839037333442279	0.5027861289374713	0.4787226390002313	0.5087245826680159	0.5061805567549589	0.5141073635327076	0.4956718577422983	0.4621788596363133	0.4653983258890935	0.47385242920156223	0.4529611579326272	0.6923282598455662	0.6600226095804231	0.657943918610394	0.6735663575824645	0.6457813136291256	0.5845530342054465	0.6155855495886041	0.627964194647722	0.611208100707658	0.559671018307198	0.5789693838623513	0.5997205340323231	0.609031603453257	0.5989701877190714	0.5956928743560603	0.5856923752001651	1.0	0.7521791024355506	0.73227458483285	0.7794932610314107	0.5054189268753245	0.515267719284528	0.5312171374655847	0.5296245667905692	0.5560603762885467	0.5425904235319033	0.5392038414955561	0.5180999246653908
RGC__LGS2	0.6096179582058754	0.6235998697478352	0.6097488525025702	0.5781292729658086	0.4898449788975885	0.522274117912279	0.5078054124082412	0.4935405440096912	0.4847945273098926	0.5285376204851269	0.5312526828147408	0.4700843329233159	0.5351787424220693	0.5563162330262579	0.5612952634378992	0.520343402365383	0.5508198801813808	0.5704017528445814	0.5677178307340682	0.5338499765531465	0.510844451517351	0.5396012788828478	0.5336083943669948	0.5017753790407486	0.702181401946634	0.7097457864199394	0.700850353485763	0.6725931640737997	0.6630884598589454	0.6432254839165327	0.6616642228545475	0.6408505281648093	0.672600541466876	0.6274737740929742	0.6473285603151941	0.6275834871516847	0.6440055535917575	0.6659642748085293	0.6482425810675755	0.6183612489102278	0.7521791024355506	1.0	0.7857400855009147	0.7825557119379438	0.5875650520608388	0.6288738918581205	0.6312366405895702	0.6094818379268405	0.6524501509949808	0.6623164410015621	0.6309406050463672	0.600308189026804
RGC__LGS3	0.6324775884523455	0.6370566759387696	0.6797952428801571	0.5915360241506797	0.6056651376612004	0.6241798701346396	0.6329921295593494	0.6136227769329785	0.5759909854251254	0.6015537222045163	0.6318632413415795	0.5622143721459626	0.5458995292731141	0.5842857100731924	0.6123532936542997	0.5197545807738344	0.5812432538067753	0.6031671500276266	0.6302057037117967	0.5522096391521059	0.5164328000163313	0.5564033014103594	0.5786606831951507	0.5004629799118874	0.7057403439042752	0.7081766524081249	0.749339554695588	0.6639891015809686	0.6553135588796238	0.6524805223132538	0.7056309514545808	0.630095258603576	0.685864623455431	0.6311968850113281	0.694508782139071	0.6269647032417595	0.6624437621164176	0.6797012364528214	0.7011307638688912	0.6360222440724674	0.73227458483285	0.7857400855009148	1.0	0.7816661157078453	0.5776541845543656	0.6131024922237874	0.6829783320955529	0.6222920773475156	0.6521369012879111	0.6655069114299503	0.6891566456576724	0.6126034851845161
RGC__LVG1	0.5146858495853004	0.5086708752813961	0.5202881975363549	0.50022452990202	0.45667885031865885	0.4706681071668213	0.47765985294355945	0.46460243565348525	0.4535293266633969	0.4743039164836215	0.4998608498824769	0.45017276165440095	0.5000524474771142	0.4949272522428317	0.5213785275001154	0.4981134900308569	0.5281591920727062	0.5230065366438726	0.5398566549762456	0.5225860120135399	0.47167867430144905	0.4745062612727556	0.4922266338605822	0.47098798757207216	0.7142785420945691	0.6697189966920493	0.6839450956764673	0.7059794920281952	0.6556352282051402	0.5791621740242502	0.6325951103746573	0.6441797236021799	0.6337682814442385	0.5571784718692981	0.5959961447483066	0.627154376434638	0.6356701855380835	0.6159580722449657	0.6252664411206591	0.6191359975785864	0.7794932610314108	0.7825557119379437	0.7816661157078453	0.9999999999999998	0.49585687013865054	0.5174335397329834	0.547655999997327	0.5454006738588231	0.5633580116852047	0.5514507257884068	0.5568416381818284	0.5247579681978258
Astrocyte__LGS1	0.6690513467034097	0.6610611791102312	0.6433249369870507	0.6344607463331552	0.4431342450146943	0.4664520053070492	0.45146639661965204	0.44533857697358914	0.4302413582078429	0.4697991676966585	0.46444304892054783	0.41158547855744076	0.4775939477566661	0.48997312370615426	0.4927381261163751	0.4554658952672043	0.46639485579277895	0.4824926766253619	0.477936261617608	0.44445375599872655	0.4674432087493427	0.4818402447388553	0.47712283365333363	0.447569707144113	0.5383408655622376	0.5632062408253616	0.561062278501358	0.5013542557964229	0.5596912728164335	0.5733980829504853	0.5588309310275055	0.5272132840661381	0.6072433556691725	0.5793478507635281	0.5787365726009638	0.522812285165351	0.5269145230512347	0.5493857965176207	0.5387365226590911	0.49529732670958	0.5054189268753245	0.5875650520608388	0.5776541845543657	0.49585687013865054	0.9999999999999999	0.7095756241884646	0.69391496680601	0.6957719301264412	0.6793997607869566	0.6633239917458136	0.6189329149494005	0.6355079586409591
Astrocyte__LGS2	0.7714056487061266	0.7830010797150729	0.7356083522077397	0.7395432778984994	0.4562171566444753	0.4863157486286477	0.4668323740872659	0.4600117585815498	0.4336585399236248	0.4825724990449569	0.471915972718072	0.41846734184486173	0.4819108555157063	0.5035003144409106	0.5018460124482315	0.45981428925898515	0.4733705528369852	0.49755748877095696	0.48734243068793687	0.4523369596710494	0.4695908069631114	0.4964079060038557	0.4846921238274227	0.45427253999432965	0.5625533742974304	0.5949686778480288	0.5863624805077006	0.5236711890267464	0.5813355652743347	0.5968034589183273	0.5816722676046987	0.544517841940319	0.6538060400635565	0.6003176546350436	0.6080769651466408	0.550002395254528	0.5514214381825151	0.5772433409188772	0.5639138699109448	0.5160248545292276	0.515267719284528	0.6288738918581205	0.6131024922237874	0.5174335397329836	0.7095756241884646	0.9999999999999999	0.7614620839782518	0.7649417956505987	0.7292503687632208	0.7334640668857827	0.6572177733755191	0.6619029070641415
Astrocyte__LGS3	0.7795337195781159	0.7802671076725269	0.814128336903906	0.7347871579541352	0.6350051800422867	0.6509769379584722	0.6553253682791123	0.6448085214943831	0.5876365474731058	0.6130355764353933	0.6309509256029252	0.5737448602097613	0.49832835005238757	0.5539130622002504	0.574775742218742	0.4604754453795637	0.5256787724085348	0.5607301240190286	0.5838409019242167	0.4870656369506432	0.47733593453944456	0.529501975209973	0.5473379935215198	0.4526909920352009	0.573867093946432	0.6127354754327198	0.6613256519067486	0.5198108964797205	0.5750927067735799	0.6214338243090824	0.650312051847002	0.5363257072986034	0.6608140393596289	0.6116281409723435	0.6766239038391838	0.5475682906200754	0.5869908184861502	0.6187924016027816	0.64688359213299	0.5567891219639906	0.5312171374655846	0.6312366405895702	0.6829783320955528	0.5476559999973271	0.69391496680601	0.7614620839782518	1.0	0.79209579841564	0.7228880987508393	0.7368722020351522	0.7393982039097097	0.6788589753944498
Astrocyte__LVG1	0.7572848921066463	0.7423144809404995	0.7327636685838044	0.7573669747047997	0.4619495507460492	0.47757962239206	0.47493725862786285	0.4715195440297279	0.43626663594731113	0.46948780568276877	0.4729981954420136	0.43069677710338805	0.454078636406443	0.4611048857294319	0.47776832397833163	0.44083607265416946	0.4684463445890639	0.4796593995482666	0.48541821415840647	0.4547238275405587	0.4295882464608781	0.4435485143083185	0.45016920264556387	0.4195447527715222	0.563070742141	0.5669511004998916	0.5809598584799304	0.5405569090722515	0.5922229566070037	0.572186142706667	0.5815198609739702	0.5624406911892802	0.6385336250760446	0.5650358040067655	0.5935687979879137	0.5555279324104653	0.5536333015790706	0.5532912595469929	0.5623991922623885	0.5279831879105925	0.5296245667905691	0.6094818379268405	0.6222920773475155	0.5454006738588231	0.6957719301264411	0.7649417956505987	0.79209579841564	1.0	0.6983425278440982	0.6770392665296122	0.637819165882579	0.6531020665803406
Microglia__LGS1	0.759855111507388	0.750009035049642	0.7359667263382333	0.7128373288762978	0.5156154708022769	0.5367643834845276	0.5257361565712269	0.5160423964731514	0.49246719755799157	0.5293670870473831	0.5323460596593642	0.4706841449651736	0.5244646467869756	0.5413599371917053	0.5512413439658017	0.49503981912264217	0.5212788626839697	0.538670223973762	0.5396414148322057	0.49147457748667045	0.5135139156649099	0.5309286521486497	0.5316058352665863	0.4904326226760012	0.624383293661348	0.6383847412502449	0.6462373391861574	0.5769997245556825	0.617765257733305	0.6237909350384897	0.6274990690848553	0.5757193902334771	0.6962974038443005	0.6297128145102421	0.6537924660934205	0.5912557553604195	0.621679425648638	0.6358195347679098	0.6315744639069901	0.5811769290488478	0.5560603762885465	0.6524501509949807	0.652136901287911	0.5633580116852046	0.6793997607869566	0.7292503687632208	0.7228880987508391	0.6983425278440982	1.0	0.7569945221249372	0.7056343717106469	0.7013174447271908
Microglia__LGS2	0.7470253793150767	0.7722321054449484	0.7537639433747451	0.6892208082061299	0.5959488554716845	0.6301816802517847	0.60653342497315	0.5989616653512683	0.5633530155716144	0.6076500130422627	0.6029518584151344	0.5402179891280601	0.5538164765110545	0.6073590736468408	0.6034386435094532	0.5194659280379198	0.5561792736546926	0.5969802236651697	0.5913740705270357	0.5198008716596197	0.5368578872146608	0.5894145031782704	0.5795276508381162	0.5119163728201105	0.599903935314995	0.6522657039186649	0.6635725131959757	0.5403401849384337	0.5904190256361815	0.6469776334183079	0.6475002888116848	0.5506219543020707	0.6801185411950537	0.6508073357227308	0.6776659621182959	0.5740887371980417	0.6226782789096476	0.6731027491475702	0.6611377230345674	0.5896437765121966	0.5425904235319033	0.6623164410015621	0.6655069114299502	0.5514507257884068	0.6633239917458136	0.7334640668857827	0.7368722020351521	0.6770392665296123	0.7569945221249372	1.0	0.744882083266092	0.7059064451741099
Microglia__LGS3	0.6736847549969441	0.6866854357915666	0.7449665639406805	0.6141100632753507	0.7010105219370497	0.7232603922054865	0.7223335525400832	0.7103126931313534	0.6579876334368708	0.6833289053481946	0.7077710009407455	0.6338421459484639	0.5924845540607631	0.6594309357149852	0.677559727296216	0.5486582645744777	0.6135212733100096	0.6545881353725227	0.6784433043533635	0.5699718936911075	0.572109531868774	0.635537060545001	0.6527654554093035	0.5461002021298105	0.5984295717261511	0.6527935877747192	0.7080517124793886	0.5300782818783586	0.5763857765814279	0.6535330899526822	0.688225200576878	0.5398390610016903	0.6572123008423074	0.6454375707213986	0.7125622319081861	0.5638403009744645	0.6252300089687886	0.6829351051857433	0.7037635755615073	0.5978314984035531	0.5392038414955561	0.6309406050463671	0.6891566456576725	0.5568416381818285	0.6189329149494005	0.6572177733755191	0.7393982039097097	0.637819165882579	0.7056343717106469	0.7448820832660918	0.9999999999999999	0.6867420599087594
Microglia__LVG1	0.6581221873861017	0.6582757451837065	0.6720750733361965	0.6413799549429219	0.5161839274822032	0.5426620457330871	0.5303786344753032	0.5278770989153347	0.4966964363345298	0.5359102718930544	0.5356718668055088	0.484195818008399	0.5024122551697058	0.5333569589008856	0.5410013894230769	0.47883182286963644	0.5018171842943044	0.528337891850977	0.5320839667449832	0.48060019004043164	0.4909067123968416	0.5226949033388136	0.5225434801997085	0.4768612820973538	0.5562847528953777	0.5900189012126871	0.6045196168548065	0.5194409074260324	0.56434262784101	0.5989586561113395	0.5998392345564312	0.5381684562391984	0.6192541446591843	0.6043361203267871	0.6220740349864434	0.5472914690108717	0.5599193279997943	0.5918412219915025	0.5886263958387341	0.5368365436064542	0.5180999246653908	0.600308189026804	0.612603485184516	0.5247579681978258	0.6355079586409591	0.6619029070641416	0.67885897539445	0.6531020665803406	0.7013174447271907	0.7059064451741099	0.6867420599087593	1.0
