analysis_group	published_label	donor	unambiguous_cells	retained_fragment_records	retained_read_support	blacklist_overlap_records	unique_to_support_ratio	output_bytes	output_sha256
AII_amacrine	AII amacrine	LGS1	153	4621354	6855199	31904	0.6741385625712689	35615863	f8e25a3b2636c5d011b3daefc0f4bea6ae8febece5f39c126db4bc8d663ae577
AII_amacrine	AII amacrine	LGS2	116	977593	1438372	8082	0.6796524125886766	7908290	f1c4ab80a879392dc4f2278201a78c0ce6d95fa338f4274576f225ef2a9e6f92
AII_amacrine	AII amacrine	LGS3	59	1956216	2685483	13319	0.7284410290439374	15847990	9ba841c3ae080c9d1aec9f39ea684bee7ceb9554313d949a3fd030824c4cf27b
AII_amacrine	AII amacrine	LVG1	91	3009750	4998446	19401	0.602137144224425	23734963	ed4712879d40d76d826d403e137077431156e4d7dea718629599aa97325c669b
Astrocyte	Astrocyte	LGS1	12	434120	655642	3060	0.6621296378206399	3666469	6d10c517d702d45c8fa9687c46b0e05568dff4a0ad4a8986d5e9e1108309bf91
Astrocyte	Astrocyte	LGS2	46	1718223	2527179	12598	0.6798976249802645	13696433	515dd15302f70c9c70f931946e67c66ac3d7306dfca6a01413bcc3bde3090cc9
Astrocyte	Astrocyte	LGS3	90	2645714	3652266	18051	0.724403425161256	20434894	1ce6c2327a1f05cf02deca41dc0239392017636df045788b3242c1afdffbf321
Astrocyte	Astrocyte	LVG1	69	2123393	3450830	13203	0.6153281964049229	16689148	b9b2075035184909de40eff9837446b2b5e62767e70bf8aa9081f4a67d0df6fb
Cone	Cone photoreceptor	LGS1	681	13310852	19921920	99499	0.6681510617450527	92124393	b3631f471a7bd0e1c624af4af35aa133bdf3a6caf5b92f4d14219efbb28c2ff8
Cone	Cone photoreceptor	LGS2	646	8915429	13093521	74800	0.6809038607720567	64117559	c4494879d7472987028bf500d4d8d6608ff9ab24f05ce8a98faba262b1728304
Cone	Cone photoreceptor	LGS3	433	13910132	19203442	97722	0.7243561857296208	97743333	ebcdcb228fb2b8a64315cb7a94cd2f4103b9e7669350f6af51a58bec73119ea2
Cone	Cone photoreceptor	LVG1	339	8676816	14196703	62353	0.6111852871754802	63199401	aedb34cecc89eaa6537a9b2f95c369d8aad6520710d2de571cf8983625d95d93
GABA_amacrine	GABA amacrine	LGS1	478	11787028	17534954	75656	0.6722018204324915	87051251	5431f81f2fc7697131a0e0f836ed6cca53b3299acb02fca282aa93a69ea6eb6e
GABA_amacrine	GABA amacrine	LGS2	377	5215637	7628452	39308	0.6837084378324725	39715519	9db9810bb788e38e980dc2dc050d9cfeb1949fac576e16a8e267497841bb4b9d
GABA_amacrine	GABA amacrine	LGS3	281	7584791	10423132	49987	0.7276882802597147	57612772	f5c28bd35c6cbf55122c5bd43ae611610e59b628fcf4836c2e5725f2525f5538
GABA_amacrine	GABA amacrine	LVG1	306	9243026	14891317	58345	0.6206990288367376	69615120	a2055c0ae49c0bd4e36c41cabd57984689989a94bedbebc2552c78e4ec7862c9
Gly_amacrine	Glycinergic amacrine	LGS1	237	3467362	5206947	23436	0.6659107534607132	26748554	1729a65565b4b740843350b5e79b68ae8ee3b66bb202fc9d7352d1199b2f469d
Gly_amacrine	Glycinergic amacrine	LGS2	176	1276379	1887839	10369	0.676105854365759	10189495	c0c33d6e138b9c5deaebf0332d92c9653cb0ed3f178c2a357891faf87ccf495c
Gly_amacrine	Glycinergic amacrine	LGS3	134	2318171	3207536	15881	0.7227264167884632	18312969	16bde5f6218072cf27d3ea61b1c4e0d7189f7ba2a127ee384d5b843685ff9c1d
Gly_amacrine	Glycinergic amacrine	LVG1	139	2708402	4400540	17219	0.6154703740904526	21223495	2b5b459b564ba5a1a4824e21c8661309ea6108572126b049b93b952e6b6637b2
Horizontal	Horizontal cell	LGS1	229	6315469	9450962	43359	0.6682355722094746	47558804	6a97715a188616c41794f9cb0fa8186d9fff72536e03400b8cbd16b200e96471
Horizontal	Horizontal cell	LGS2	289	7148471	10481767	57474	0.6819910230784562	53581854	8ffbfaa5ba4445d875739584ed02d874a2a4d4817b104e34a74e151fb4a72ead
Horizontal	Horizontal cell	LGS3	325	8677058	11953443	60422	0.7259044946297063	64975915	836ef13754f379ae66674416e4eb1dc5b237ca4bac0543ce1ed1074ca3daaf21
Horizontal	Horizontal cell	LVG1	209	6270379	10213685	44438	0.6139193640688938	47631959	f6f6ae41d234ce242a88eea2682ddeeee69335fc04a3618b7721c55777462ff7
MG	Muller glia	LGS1	879	19737292	29564293	150334	0.667605749949779	131470736	2556a2aeba377a1e1d5f6ecded68ebd7b98f327067228144cb1545a3fb88e596
MG	Muller glia	LGS2	1101	29433336	43346807	220002	0.6790197026507627	189715942	390d9bccb278ec35f842d89a89a025fb7e0571866ab54086664b54000c67f1f5
MG	Muller glia	LGS3	741	20491363	28405697	146556	0.7213821579523291	136113156	fd46cd2d6bab0035b3602b472b6ea79ea7dbf8dee5ccadab0effead155120d70
MG	Muller glia	LVG1	713	16317594	26847854	109782	0.6077801972552443	110883982	a60aea494c85927f8b4ddc4dd94ec67713da5627439b59bf607f6c1afa7bd2da
Microglia	Microglia	LGS1	52	1827435	2711666	13899	0.6739159616265425	14605339	1a681db313b75a7be913fa71987f507af0f358bb3605e687d218950defbac4b6
Microglia	Microglia	LGS2	81	2695229	3948900	21023	0.6825265263744333	21079105	6124e73abf48a81c93764ef308146ef13cb0f17314b7cafc81ad601a0b6f7574
Microglia	Microglia	LGS3	55	2108603	2913875	15432	0.7236422289906053	16779059	5928025c7e2c76733042599d9a6313b57e0e4f0de2129814dee1ebbf36ad8e4b
Microglia	Microglia	LVG1	27	661472	1069968	4747	0.6182166195624542	5524068	f56cd70e5da4d64ce603858526f119b91b023a5119aa39982c5df6e67edbf43b
OFF_cone_bipolar	OFF cone bipolar	LGS1	959	15592208	23339419	103947	0.668063245276157	109480540	070e0c019681908a457967f67d1306bfd163d793c73a432b23ddfb9b535d0d07
OFF_cone_bipolar	OFF cone bipolar	LGS2	1095	15727994	23093915	113516	0.6810449419251782	108432084	3303215618cdad631bf4a2a6241cab05304aae7926cb604da5c77eb73cb79671
OFF_cone_bipolar	OFF cone bipolar	LGS3	922	16415306	22658541	104617	0.7244643862991884	115513992	783e2672c6692d1690f5353a7366d39b11d47e92f3de6126cb1b6669eb994ce6
OFF_cone_bipolar	OFF cone bipolar	LVG1	710	13903265	22795621	87672	0.6099094646291935	98755440	f2f2320a925afc6f283899bfcbdb151327ea6606e6e1beb732152912acd08f79
ON_cone_bipolar	ON cone bipolar	LGS1	603	9220446	13800015	64601	0.668147534622245	66463941	027eefcafb80147369dfd0956cd0ec1bd827bc1f912c25d3cdc6d0b80e3cb882
ON_cone_bipolar	ON cone bipolar	LGS2	781	12470755	18343860	93669	0.679832652451556	87219890	d8cb044dae3d3022c394a82ec7dcd1ea9ed9f25622754aa1f0ae382acac70cf9
ON_cone_bipolar	ON cone bipolar	LGS3	632	11475059	15822431	79141	0.7252399457453789	82745478	772d92d252ac183627f7394a4dda593836bd39f92341685e9c0427a3eb97b0c4
ON_cone_bipolar	ON cone bipolar	LVG1	440	8825494	14543081	60125	0.6068517393253878	64425406	4fe95cf31739cfa260ad720cc57e9c2aef505c84a1642d81500c02e7aa5b5a0a
RGC	Retinal ganglion cell	LGS1	42	1760704	2614221	10181	0.6735100054662555	14502111	fecfdcbac8fb2063d1a0f249f1880a3fd07a7ff42a34b8686f88c67a33d3561f
RGC	Retinal ganglion cell	LGS2	160	5312320	7780780	37411	0.6827490303028745	41245151	32b0f6f8be55f51a32a26a595c117528a10dc03fe7193fc1464e9b196c7b3ff2
RGC	Retinal ganglion cell	LGS3	120	5383746	7420792	34382	0.7254947989379031	41730695	aaf53dfbfa1998f29b285c18cefd98f51c4e52d097b5c01f7673d3bf943c550a
RGC	Retinal ganglion cell	LVG1	143	6824139	10927641	41936	0.6244841864772095	52405476	2461bae2b62d183c629de2432a625b8a8552abdc45a8c0c46f3c4e52fe1f0881
Rod	Rod photoreceptor	LGS1	12167	144343114	217503655	1099812	0.6636353490243647	748580244	acde5fef82f729c34f2e02e116a449fa0b85edbc0eb8c39714fe8dd201678e0d
Rod	Rod photoreceptor	LGS2	6163	53891457	80049545	447474	0.6732262750525315	300679889	a6d9a44a46666b769890d8a348c17e05521f3b1e3486df1e6c62fa4c4d9379c4
Rod	Rod photoreceptor	LGS3	5923	82783957	114726258	596805	0.7215781150989863	471862925	2d5e79792be08bdf5426bf94d8b7043181828981c93e11ece5b2141bb6509ede
Rod	Rod photoreceptor	LVG1	5809	97062461	159976019	729648	0.6067313188984906	548912560	dbff89dcb219b6cd0933f56753c2bac1a713060c29151eeb631f69ba0b65b08b
Rod_bipolar	Rod bipolar	LGS1	584	11673942	17342419	82206	0.6731438099840628	84175322	9eae777a5e18d3b2093eaa0ed463ef7ea126586d4006e2389a6ea93a1667b581
Rod_bipolar	Rod bipolar	LGS2	618	12208438	17902243	91276	0.6819501891466896	87025118	6de8244c271505b7d3679ab831fe9299c69f6402065ee780858f9390bec3f4a2
Rod_bipolar	Rod bipolar	LGS3	588	13602453	18753656	92657	0.7253227317382808	97187571	f863f8b6079296e32517cd56b20e1980794a3a7c9a58ddf2ff0a28b16e9e9109
Rod_bipolar	Rod bipolar	LVG1	399	9607709	15618746	64508	0.6151395893114594	69990753	efbe99b8ce927ffb421f356ff4a9dd7d9795e80e5cee2740f687cdbf5929e052
