contrast	tested_peaks	fdr_lt_0_05	positive_fdr_lt_0_05	negative_fdr_lt_0_05	positive_fdr_lt_0_05_logFC_ge_1	positive_all_four_donors
MG_vs_rest	147359	79471	51821	27650	34030	47496
MG_vs_Rod	147359	109098	55294	53804	49644	50345
MG_vs_Cone	147359	94701	54275	40426	42999	50310
MG_vs_ON_cone_bipolar	147359	92386	49550	42836	39040	46308
MG_vs_OFF_cone_bipolar	147359	95761	50098	45663	37615	46470
MG_vs_Rod_bipolar	147359	92069	48819	43250	36745	45705
MG_vs_GABA_amacrine	147359	84264	42909	41355	30756	38568
MG_vs_Gly_amacrine	147359	60091	37334	22757	31884	35400
MG_vs_AII_amacrine	147359	56538	33420	23118	26161	30856
MG_vs_Horizontal	147359	73766	41216	32550	31301	38463
MG_vs_RGC	147359	70198	39196	31002	28469	36062
MG_vs_Astrocyte	147359	16652	11612	5040	9384	10926
MG_vs_Microglia	147359	21992	16718	5274	14770	16335
