sample_id	MG	Rod	Cone	ON_cone_bipolar	OFF_cone_bipolar	Rod_bipolar	GABA_amacrine	Gly_amacrine	AII_amacrine	Horizontal	RGC	Astrocyte	Microglia	donorLGS2	donorLGS3	donorLVG1
MG__LGS1	1	0	0	0	0	0	0	0	0	0	0	0	0	0	0	0
MG__LGS2	1	0	0	0	0	0	0	0	0	0	0	0	0	1	0	0
MG__LGS3	1	0	0	0	0	0	0	0	0	0	0	0	0	0	1	0
MG__LVG1	1	0	0	0	0	0	0	0	0	0	0	0	0	0	0	1
Rod__LGS1	0	1	0	0	0	0	0	0	0	0	0	0	0	0	0	0
Rod__LGS2	0	1	0	0	0	0	0	0	0	0	0	0	0	1	0	0
Rod__LGS3	0	1	0	0	0	0	0	0	0	0	0	0	0	0	1	0
Rod__LVG1	0	1	0	0	0	0	0	0	0	0	0	0	0	0	0	1
Cone__LGS1	0	0	1	0	0	0	0	0	0	0	0	0	0	0	0	0
Cone__LGS2	0	0	1	0	0	0	0	0	0	0	0	0	0	1	0	0
Cone__LGS3	0	0	1	0	0	0	0	0	0	0	0	0	0	0	1	0
Cone__LVG1	0	0	1	0	0	0	0	0	0	0	0	0	0	0	0	1
ON_cone_bipolar__LGS1	0	0	0	1	0	0	0	0	0	0	0	0	0	0	0	0
ON_cone_bipolar__LGS2	0	0	0	1	0	0	0	0	0	0	0	0	0	1	0	0
ON_cone_bipolar__LGS3	0	0	0	1	0	0	0	0	0	0	0	0	0	0	1	0
ON_cone_bipolar__LVG1	0	0	0	1	0	0	0	0	0	0	0	0	0	0	0	1
OFF_cone_bipolar__LGS1	0	0	0	0	1	0	0	0	0	0	0	0	0	0	0	0
OFF_cone_bipolar__LGS2	0	0	0	0	1	0	0	0	0	0	0	0	0	1	0	0
OFF_cone_bipolar__LGS3	0	0	0	0	1	0	0	0	0	0	0	0	0	0	1	0
OFF_cone_bipolar__LVG1	0	0	0	0	1	0	0	0	0	0	0	0	0	0	0	1
Rod_bipolar__LGS1	0	0	0	0	0	1	0	0	0	0	0	0	0	0	0	0
Rod_bipolar__LGS2	0	0	0	0	0	1	0	0	0	0	0	0	0	1	0	0
Rod_bipolar__LGS3	0	0	0	0	0	1	0	0	0	0	0	0	0	0	1	0
Rod_bipolar__LVG1	0	0	0	0	0	1	0	0	0	0	0	0	0	0	0	1
GABA_amacrine__LGS1	0	0	0	0	0	0	1	0	0	0	0	0	0	0	0	0
GABA_amacrine__LGS2	0	0	0	0	0	0	1	0	0	0	0	0	0	1	0	0
GABA_amacrine__LGS3	0	0	0	0	0	0	1	0	0	0	0	0	0	0	1	0
GABA_amacrine__LVG1	0	0	0	0	0	0	1	0	0	0	0	0	0	0	0	1
Gly_amacrine__LGS1	0	0	0	0	0	0	0	1	0	0	0	0	0	0	0	0
Gly_amacrine__LGS2	0	0	0	0	0	0	0	1	0	0	0	0	0	1	0	0
Gly_amacrine__LGS3	0	0	0	0	0	0	0	1	0	0	0	0	0	0	1	0
Gly_amacrine__LVG1	0	0	0	0	0	0	0	1	0	0	0	0	0	0	0	1
AII_amacrine__LGS1	0	0	0	0	0	0	0	0	1	0	0	0	0	0	0	0
AII_amacrine__LGS2	0	0	0	0	0	0	0	0	1	0	0	0	0	1	0	0
AII_amacrine__LGS3	0	0	0	0	0	0	0	0	1	0	0	0	0	0	1	0
AII_amacrine__LVG1	0	0	0	0	0	0	0	0	1	0	0	0	0	0	0	1
Horizontal__LGS1	0	0	0	0	0	0	0	0	0	1	0	0	0	0	0	0
Horizontal__LGS2	0	0	0	0	0	0	0	0	0	1	0	0	0	1	0	0
Horizontal__LGS3	0	0	0	0	0	0	0	0	0	1	0	0	0	0	1	0
Horizontal__LVG1	0	0	0	0	0	0	0	0	0	1	0	0	0	0	0	1
RGC__LGS1	0	0	0	0	0	0	0	0	0	0	1	0	0	0	0	0
RGC__LGS2	0	0	0	0	0	0	0	0	0	0	1	0	0	1	0	0
RGC__LGS3	0	0	0	0	0	0	0	0	0	0	1	0	0	0	1	0
RGC__LVG1	0	0	0	0	0	0	0	0	0	0	1	0	0	0	0	1
Astrocyte__LGS1	0	0	0	0	0	0	0	0	0	0	0	1	0	0	0	0
Astrocyte__LGS2	0	0	0	0	0	0	0	0	0	0	0	1	0	1	0	0
Astrocyte__LGS3	0	0	0	0	0	0	0	0	0	0	0	1	0	0	1	0
Astrocyte__LVG1	0	0	0	0	0	0	0	0	0	0	0	1	0	0	0	1
Microglia__LGS1	0	0	0	0	0	0	0	0	0	0	0	0	1	0	0	0
Microglia__LGS2	0	0	0	0	0	0	0	0	0	0	0	0	1	1	0	0
Microglia__LGS3	0	0	0	0	0	0	0	0	0	0	0	0	1	0	1	0
Microglia__LVG1	0	0	0	0	0	0	0	0	0	0	0	0	1	0	0	1
