sample_id	cell_type	donor	raw_input_library_size	filtered_library_size	norm_factor	effective_library_size
MG__LGS1	MG	LGS1	11019895	10801277	0.79542329137121	8591587.30235215
MG__LGS2	MG	LGS2	16507723	16127985	0.816022593506308	13160800.1477308
MG__LGS3	MG	LGS3	11774462	11513327	0.874909269331853	10073116.5131487
MG__LVG1	MG	LVG1	9289233	9037024	0.795253165289558	7186721.9407977
Rod__LGS1	Rod	LGS1	86113756	83866532	0.724833501770462	60789272.0709045
Rod__LGS2	Rod	LGS2	34961000	34314504	0.661248499572461	22690414.2835732
Rod__LGS3	Rod	LGS3	46039255	44842358	0.777975823897073	34886270.4105375
Rod__LVG1	Rod	LVG1	54379785	52907418	0.771422085645629	40813950.7396851
Cone__LGS1	Cone	LGS1	7206843	6975245	1.03968316962293	7252044.83049651
Cone__LGS2	Cone	LGS2	4532987	4421880	0.969296189653834	4286111.4351065
Cone__LGS3	Cone	LGS3	6961438	6755271	1.10436650846454	7460295.04800179
Cone__LVG1	Cone	LVG1	4153612	3998684	1.13650403942113	4544520.51836866
ON_cone_bipolar__LGS1	ON_cone_bipolar	LGS1	4678832	4581454	0.98183635213667	4498238.08284196
ON_cone_bipolar__LGS2	ON_cone_bipolar	LGS2	6614681	6483109	0.941063239419486	6101015.55704963
ON_cone_bipolar__LGS3	ON_cone_bipolar	LGS3	5469608	5346816	1.06525693078572	5695732.80163595
ON_cone_bipolar__LVG1	ON_cone_bipolar	LVG1	4297111	4205858	1.01970681698903	4288742.07388784
OFF_cone_bipolar__LGS1	OFF_cone_bipolar	LGS1	7497686	7314216	0.976610106443962	7143137.26631413
OFF_cone_bipolar__LGS2	OFF_cone_bipolar	LGS2	8091449	7923158	0.912278580839951	7228127.3360107
OFF_cone_bipolar__LGS3	OFF_cone_bipolar	LGS3	7723332	7540634	1.04286811795599	7863886.78777497
OFF_cone_bipolar__LVG1	OFF_cone_bipolar	LVG1	6716022	6549969	0.966246871858813	6328887.0570222
Rod_bipolar__LGS1	Rod_bipolar	LGS1	5537430	5384052	0.939891205901949	5060423.1269188
Rod_bipolar__LGS2	Rod_bipolar	LGS2	6072288	5933151	0.926071766404138	5494523.62691248
Rod_bipolar__LGS3	Rod_bipolar	LGS3	6463159	6302313	1.05423809951488	6644138.47966795
Rod_bipolar__LVG1	Rod_bipolar	LVG1	4705267	4586318	0.962677928129769	4415147.10998427
GABA_amacrine__LGS1	GABA_amacrine	LGS1	4416998	4315813	1.06087163580493	4578523.59713818
GABA_amacrine__LGS2	GABA_amacrine	LGS2	2241048	2199162	0.956059174133575	2102529.00550594
GABA_amacrine__LGS3	GABA_amacrine	LGS3	2968613	2899039	1.13517305945884	3290910.97112049
GABA_amacrine__LVG1	GABA_amacrine	LVG1	3319207	3240452	1.06559078253348	3452995.78244219
Gly_amacrine__LGS1	Gly_amacrine	LGS1	1538218	1519348	1.04170097235581	1582706.28894686
Gly_amacrine__LGS2	Gly_amacrine	LGS2	658589	650691	1.04829411277375	682115.544534861
Gly_amacrine__LGS3	Gly_amacrine	LGS3	1084958	1066783	1.12940816498307	1204833.43046513
Gly_amacrine__LVG1	Gly_amacrine	LVG1	1188527	1173091	1.12571102396374	1320561.47081264
AII_amacrine__LGS1	AII_amacrine	LGS1	1905318	1869667	1.00472787297318	1878506.54807814
AII_amacrine__LGS2	AII_amacrine	LGS2	460903	454492	1.08582740961694	493499.871051624
AII_amacrine__LGS3	AII_amacrine	LGS3	807447	789718	1.1844109490466	935350.645859179
AII_amacrine__LVG1	AII_amacrine	LVG1	1174558	1152715	1.13266015168268	1305634.3467469
Horizontal__LGS1	Horizontal	LGS1	2595086	2549118	1.03461709042622	2637361.04831309
Horizontal__LGS2	Horizontal	LGS2	3126800	3066922	1.00128042434639	3070848.96159727
Horizontal__LGS3	Horizontal	LGS3	3465590	3391604	1.09709065741474	3720897.06205046
Horizontal__LVG1	Horizontal	LVG1	2367593	2315224	1.05073504075658	2432686.98400062
RGC__LGS1	RGC	LGS1	538749	526605	1.41906378210128	747286.082973443
RGC__LGS2	RGC	LGS2	1932973	1891642	0.975578381640017	1845445.04100229
RGC__LGS3	RGC	LGS3	1839256	1793550	1.1173634578391	2004047.22980733
RGC__LVG1	RGC	LVG1	2128259	2076694	1.11838390103612	2322541.1369783
Astrocyte__LGS1	Astrocyte	LGS1	218410	215482	1.25707860133523	270877.811172918
Astrocyte__LGS2	Astrocyte	LGS2	861047	845181	0.94964057397218	802618.169950381
Astrocyte__LGS3	Astrocyte	LGS3	1420392	1394015	0.976081092203095	1360671.6837475
Astrocyte__LVG1	Astrocyte	LVG1	1035158	1015964	1.01438316249897	1030576.77530511
Microglia__LGS1	Microglia	LGS1	840192	824650	0.98343309726758	810988.10366171
Microglia__LGS2	Microglia	LGS2	1238568	1213851	0.945922226736644	1148208.6408465
Microglia__LGS3	Microglia	LGS3	967138	945859	1.10847586266222	1048461.87098182
Microglia__LVG1	Microglia	LVG1	290614	285758	1.21803655010856	348063.688485921
