bare_barcode	retained_records
AAACAGCCAAGGACCA-1	15396
AAACAGCCACAGCCAT-1	18527
AAACAGCCATCCGTAA-1	33095
AAACAGCCATTAAGCT-1	18944
AAACATGCACGGTTTA-1	20737
AAACCAACAACCGCCA-1	44726
AAACCAACATCACAGC-1	26833
AAACCAACATGTTGGC-1	62737
AAACCGAAGCCTGATG-1	9496
AAACCGCGTAACGTGC-1	18202
AAACCGCGTGAGAAAC-1	9816
AAACCGGCAGTTTGTG-1	13509
AAACCGGCATCTAGCA-1	19096
AAACGCGCACAGAACG-1	32560
AAACGCGCATTATGCG-1	11295
AAACGGATCGATATTG-1	26369
AAACGTACAGGTTCAC-1	24927
AAAGCCCGTGGAAGGC-1	13036
AAAGCGGGTAAACAAG-1	16715
AAAGGACGTATTGCAG-1	18733
AAAGGAGCAATCCTAG-1	18170
AAAGGCTCAACCTGGT-1	14813
AAAGGCTCAACGTGCT-1	57122
AAAGGCTCACTAGCGT-1	17614
AAAGGCTCAGGCATGA-1	21825
AAATCCGGTGCCGCAA-1	32186
AAATGCCTCATTGCAA-1	13559
AAATGGCCAAGGTCGA-1	9261
AAATGGCCACAAAGCG-1	22301
AACAAAGGTTCGCTCA-1	8187
AACAAGCCAAGGTCGA-1	8361
AACAAGCCAGCATGTC-1	33205
AACAAGCCAGGCAAGC-1	27928
AACAGATAGCAGGCCT-1	17251
AACAGATAGCTTATGA-1	42785
AACAGCAAGACACCGC-1	28244
AACAGCAAGGTTTACA-1	16567
AACAGGATCCGGTTGA-1	11317
AACAGGATCTAGCGTG-1	27382
AACATAGCAGAGGGAG-1	19615
AACATAGCATGATTGT-1	52029
AACATCATCCTAAGAC-1	6847
AACATCATCGCTCCAT-1	17896
AACATCATCTTGTCCA-1	3491
AACATTGTCGATTCTT-1	19812
AACCCGCAGGTAAGGC-1	47295
AACCGCTCAGAAATGC-1	15757
AACCGGCTCTTTAGGA-1	34543
AACCTAATCAGCTAAC-1	48422
AACCTAATCATAACGC-1	16414
AACCTAATCCGGCTAA-1	56546
AACCTAATCCTAAGAC-1	6348
AACCTAATCGCTAGCA-1	27001
AACCTAATCTTTAGGA-1	15922
AACCTCACAATAATGG-1	20043
AACCTCACAGGACCTT-1	23578
AACCTCACATCATGTG-1	41833
AACCTCCTCCAAGTGT-1	18469
AACCTTGCACATAACT-1	11945
AACGACAAGCCTGACA-1	26313
AACGACAAGGATGATG-1	87661
AACGACAAGGTCCTGA-1	53527
AACGACAAGTCATTGA-1	17983
AACGCCCAGCATTATG-1	15744
AACGCCCAGCGAGTAA-1	12885
AACGCCCAGTTAGGCT-1	33445
AACGCTAGTGAGGTGA-1	14608
AACGCTAGTGGATGTC-1	57502
AACGCTAGTTCACTGT-1	24444
AACTACTCATGAGTTT-1	29610
AACTAGCTCCATTACT-1	4989
AACTAGCTCCTCCTAA-1	29353
AACTAGTGTGAAACAA-1	60128
AACTCACAGCACTAGT-1	13342
AACTGTTCATCTAGCA-1	26804
AACTTAGTCCAGGTTG-1	25897
AACTTAGTCGTAATCA-1	7595
AAGAACAGTCCACAAA-1	21720
AAGAACAGTTTACGTC-1	8149
AAGAATCAGTTAGCTA-1	24987
AAGACAAGTGCATCGG-1	10882
AAGACATAGAATCTCA-1	23403
AAGACATAGCGGTTAT-1	16751
AAGACATAGTTAGAGG-1	16388
AAGACCAAGGCCAATT-1	13799
AAGACCAAGGTCATTA-1	13559
AAGCAAGTCGCTATAA-1	25201
AAGCATGAGCAGGCCT-1	38373
AAGCATGAGCATGAAG-1	25137
AAGCATGAGTGTTGCG-1	16417
AAGCCACGTATTGTCC-1	12090
AAGCCTCCATCACTTC-1	14557
AAGCCTGTCCTAGTTT-1	18133
AAGCCTTAGCGCAATT-1	15401
AAGCCTTAGTTGCCTC-1	6103
AAGCGAATCATAATCG-1	14000
AAGCGAGGTAAGCACC-1	13123
AAGCGAGGTTTGCAGA-1	33991
AAGCGCTGTAATGGCC-1	20405
AAGCGCTGTCATGCAA-1	18377
AAGCGCTGTTTGTGGA-1	6036
AAGCGGGTCATAATCG-1	14212
AAGCGGGTCCGTGACA-1	26895
AAGCGGGTCTAATCTC-1	10915
AAGCGTTTCCTGATGG-1	21719
AAGCGTTTCGTTTCTG-1	45129
AAGCGTTTCTTTGTAC-1	16628
AAGCTAGAGATGGAGC-1	26985
AAGCTAGAGCTGGACC-1	27034
AAGCTAGAGCTTTGTT-1	95845
AAGCTAGAGGCCTAAT-1	19153
AAGCTAGAGTCATTTC-1	19480
AAGCTATGTAATAGCT-1	59172
AAGCTATGTTAGACCA-1	13425
AAGCTCCCAAACTGTT-1	54179
AAGCTCCCAATACTGT-1	4998
AAGCTCCCAGCAACAG-1	14351
AAGCTCCCATGCTTAG-1	14943
AAGCTTGGTAATCGTG-1	36202
AAGCTTGGTACGATTG-1	4382
AAGCTTGGTGCTCCGT-1	25843
AAGCTTGGTGCTTAGA-1	26855
AAGCTTGGTTAATGCG-1	14177
AAGCTTGGTTAGTGAT-1	20661
AAGCTTGGTTTATGGG-1	10875
AAGGAAGCAGAACCGA-1	6297
AAGGATCCAGCCAGAA-1	16365
AAGGATCCAGCCGCTA-1	3337
AAGGATCCATATTGAC-1	24188
AAGGATGTCCTTTACG-1	28393
AAGGATGTCTACCTAT-1	4054
AAGGATGTCTACCTGC-1	14417
AAGGATTAGCTATATG-1	24389
AAGGATTAGTGAACGA-1	28123
AAGGCCCTCATTGCAA-1	18436
AAGGTCAAGTCACTCC-1	14659
AAGGTGCAGGACTTAC-1	31797
AAGGTGCAGGCTACTG-1	32306
AAGGTGCAGTTGGATC-1	12778
AAGTAGCCAGGAATCG-1	13161
AAGTCTATCACCTGTC-1	7190
AAGTGAAGTAACCAGC-1	3102
AAGTGAAGTGGCTTCC-1	17456
AAGTGAAGTGTGCAAC-1	8562
AAGTGAAGTTGTAACG-1	15350
AAGTGCAAGGCGTAAA-1	83007
AAGTTACGTAAACAAG-1	19771
AAGTTACGTAACCTAG-1	17995
AAGTTAGCAGTTAAAG-1	13486
AAGTTAGCATTTAAGC-1	26176
AAGTTTGTCACTTCAT-1	28257
AAGTTTGTCCTGATGG-1	25070
AAGTTTGTCTAACTGA-1	31613
AATACCGGTTTGCAGA-1	12312
AATACCGGTTTGCTGT-1	40022
AATAGAGGTGATCATG-1	4848
AATAGAGGTGGGTACT-1	24968
AATAGAGGTGTCCAAA-1	21117
AATAGCTGTCACGAAC-1	12581
AATATCCCAAACAACA-1	58377
AATATCCCAAGGCCAA-1	18557
AATATCCCACAAAGCG-1	23683
AATATCCCACAGGAAT-1	24167
AATATCCCATTCCTGT-1	15444
AATCAGGAGGTTTGCG-1	19322
AATCAGGAGTTTAACG-1	17952
AATCATCCAAGGTGGC-1	19834
AATCATCCAATACTGT-1	57909
AATCATGTCACTAATG-1	28003
AATCATGTCATGCATA-1	30306
AATCATGTCTAGCGAT-1	25785
AATCCATCATAATCGT-1	39220
AATCCCTGTGCCGCAA-1	16117
AATCCCTGTTAGGACC-1	26036
AATCCGTAGCATTAGC-1	28494
AATCCGTAGCTTCCCG-1	23844
AATCCGTAGTCTCACC-1	15578
AATCCGTAGTGTTGTA-1	21976
AATCGCCCAGTTTCTC-1	34828
AATCTCAAGAGAAGGG-1	18398
AATCTCAAGCAGCTAT-1	4159
AATCTCAAGCTATATG-1	26803
AATCTCAAGTTGGGCC-1	30920
AATCTTGAGCTGTCAG-1	43236
AATCTTGAGGCGAAAC-1	15540
AATCTTGAGGTTACAC-1	27675
AATGAAGGTGCATCGG-1	9035
AATGAAGGTTACCTGT-1	16733
AATGAAGGTTAGTTGG-1	4472
AATGCAACAATTATGC-1	32530
AATGCAACACAGGGAC-1	21398
AATGCAACATCCGTAA-1	15519
AATGCAACATCCTAGA-1	14483
AATGCATGTCAAAGAA-1	7470
AATGCATGTTAGTTGG-1	23868
AATGCGCGTGAACAAA-1	24420
AATGCGCGTGCTCACC-1	95761
AATGTCATCGTTTCTG-1	7825
AATGTCCAGCGCTCAA-1	16485
AATGTCCAGTCACCTC-1	4943
AATTACCCAGCTACGT-1	12359
AATTAGGCACACAATT-1	22736
AATTCGTCAAATTCGT-1	9169
AATTGACGTATTGTCC-1	10910
AATTGCCAGGCTTAAC-1	15570
AATTGCTCAGCTAATT-1	14555
AATTGGACAAACGCGA-1	17912
AATTGGACAAATTGCT-1	6053
AATTGGGAGTAGCTTA-1	33696
AATTGTGTCAAATCGC-1	24994
AATTTCCTCCTAGTTT-1	15781
AATTTGCCATGTCGCG-1	47312
AATTTGGTCAGCTAAC-1	14611
AATTTGGTCATGCAAC-1	19587
AATTTGGTCCCGCATT-1	17877
ACAAACTGTTAGTGAT-1	3389
ACAAACTGTTTGCTGT-1	6593
ACAAAGGTCAATGTCA-1	23039
ACAAAGGTCATTGACA-1	19763
ACAAAGGTCCCGTTAC-1	24336
ACAAAGGTCCTTAATC-1	5750
ACAAAGGTCTTGGATA-1	21823
ACAACAACAAATTCGT-1	29760
ACAACAACAAGTGTTT-1	28792
ACAACAACAGTTTGTG-1	34790
ACAACACTCATTGTTC-1	11134
ACAACACTCCCTCAGT-1	20659
ACAACACTCCTTCTAG-1	18778
ACAACAGAGTGCTGTG-1	38275
ACAACATGTAAAGCAA-1	21648
ACAACATGTAGCTGCG-1	5915
ACACAATGTCAGTAAT-1	17310
ACACAATGTTAGAGCC-1	22888
ACACGGACATTGTGAT-1	9273
ACACTAATCCGCAAAT-1	11640
ACACTAATCCTGCGAA-1	7412
ACACTAATCTTTGAGA-1	15666
ACACTAGGTGGATGTC-1	21731
ACACTAGGTGTCCAAA-1	56628
ACACTAGGTTGCGCGA-1	37871
ACACTTAAGCGCATTG-1	19641
ACACTTAAGGCAGGTG-1	11955
ACACTTGCAACAGGTG-1	39687
ACACTTGCAATTGAGA-1	26795
ACACTTGCACCCACCT-1	43825
ACACTTGCACTAGGTC-1	16919
ACACTTGCAGGTCCTG-1	32912
ACACTTGCATGATTGT-1	17102
ACAGCCGGTGCTCACC-1	47656
ACAGCGCTCAAACACC-1	55256
ACAGGAATCACTTCAT-1	18170
ACAGGAATCGCTTGCT-1	13745
ACAGGAATCTCCTCAA-1	20962
ACAGGATCAGATAGAC-1	37863
ACAGGCTGTACCGTTT-1	27600
ACAGGTAAGCTCATAA-1	41211
ACAGGTAAGGGTTATC-1	26860
ACATTGCAGATTGAGG-1	16406
ACATTGCAGCGATACT-1	25354
ACATTGCAGCGCATTG-1	74965
ACATTGCAGCTTCCCG-1	38057
ACATTGCAGGAGGGTT-1	18486
ACATTGCAGTTGTCCC-1	15216
ACCAAACTCGGTACGC-1	40638
ACCAAGCGTGATTTGG-1	39649
ACCAAGCGTGCCTCAC-1	47892
ACCAAGCGTGTTTGAG-1	32822
ACCAAGTTCACTCAAA-1	24182
ACCAAGTTCATAATCG-1	14582
ACCAAGTTCGAGGAGT-1	54385
ACCAATATCAATGAGG-1	37709
ACCACATAGAGGGACT-1	17694
ACCACATAGCAGGTGG-1	30199
ACCACATAGTTACTTC-1	5514
ACCAGCTCATTGTGGC-1	37563
ACCAGGCTCTGTGCAG-1	88435
ACCAGGGAGTCACCAG-1	27733
ACCATAATCATGCTCC-1	17449
ACCATTAAGGTTTGAC-1	40189
ACCCAACCACCTAATG-1	21670
ACCCAACCAGGATGGC-1	26925
ACCCAACCAGGTTACC-1	80110
ACCCAACCAGTTTCTC-1	16007
ACCCAGGGTTAAGGCC-1	6233
ACCCGCTGTAGCTGCG-1	3171
ACCCGCTGTCATCCTG-1	21873
ACCCGGTAGCCGCTAA-1	29182
ACCCGGTAGCCTGTTC-1	19900
ACCCGGTAGGCATGTT-1	19325
ACCCGTAAGCAAACCT-1	14288
ACCCGTAAGCACCACA-1	13420
ACCCGTAAGGTGTCCA-1	13877
ACCCGTAAGTACCGCA-1	23455
ACCCTCCCAGTAATAG-1	7595
ACCCTCCCAGTAGGTG-1	6661
ACCCTCCCATAAACCT-1	7234
ACCCTCCCATTAGGCC-1	63047
ACCCTGTTCTAGCTTT-1	35877
ACCGAAGCAAACGCGA-1	73556
ACCGAAGCAAGTAAGC-1	24136
ACCGAAGCATTCAGCA-1	12831
ACCGCAATCCTTGAGG-1	31817
ACCGGCTAGACTTACA-1	7092
ACCGGCTAGTACCGCA-1	16974
ACCTAAATCCGCAAAT-1	28462
ACCTAAGGTATACTGG-1	21832
ACCTAAGGTCACACCC-1	36882
ACCTAAGGTCCTCCAA-1	57855
ACCTACCTCATGGCTG-1	21105
ACCTACCTCTCGACCT-1	30378
ACCTCACTCTCCTCAA-1	7208
ACCTGGATCCCTGTTA-1	47258
ACCTGGTCAAGCCACT-1	18314
ACCTGGTCACCAACCG-1	24088
ACCTGGTCACTCAACA-1	26193
ACCTGGTCAGCATGAG-1	85624
ACCTGGTCATTGTCCT-1	22119
ACCTGTTGTTGTCCAT-1	4953
ACCTTCATCCTTTACG-1	26763
ACCTTCCAGCAGCTAT-1	13394
ACCTTCCAGCCGCAGT-1	7379
ACCTTCCAGGCTAGAA-1	16181
ACCTTCCAGGTATTGC-1	11017
ACCTTGCTCCCTGGTT-1	14511
ACCTTGCTCTTTGTAC-1	18608
ACCTTGTGTCACAAAT-1	57444
ACGAACAAGGGACTAA-1	66824
ACGAACAAGTTATGGC-1	12252
ACGAACAAGTTGTCAA-1	27698
ACGAAGTCAGTTTGTG-1	44329
ACGAATCTCGAGCAAA-1	25768
ACGAATCTCTAAGGAG-1	46618
ACGAATCTCTTAGCCC-1	49024
ACGACAAAGAATCGCT-1	18867
ACGACAAAGGCCTTAG-1	17902
ACGAGTAAGCTCCCTG-1	20473
ACGAGTAAGTCATTAG-1	18709
ACGAGTAAGTGCACGC-1	18082
ACGAGTAAGTTCCTCA-1	23171
ACGATTCAGTTAGACC-1	29990
ACGCACGGTAAGCACC-1	55483
ACGCACGGTTTATCGC-1	15750
ACGCCACAGCGATAAG-1	22166
ACGCCACAGCTCAAAC-1	26329
ACGCCACAGGCGCATC-1	16783
ACGCCTTTCTGCAACG-1	30472
ACGCTTGAGACCATAC-1	17427
ACGCTTGAGGGTTATC-1	17664
ACGGGAAGTCATAAGT-1	13936
ACGGGAAGTGAGACTC-1	42973
ACGGTACGTGTTTGCT-1	20588
ACGGTACGTTTGGGCG-1	41638
ACGGTTTAGACAACAG-1	8685
ACGGTTTAGCAGCTAT-1	19577
ACGTACCCAAACGGGC-1	23027
ACGTACCCACTAGGTC-1	16656
ACGTCAAGTACCGGAT-1	22190
ACGTCAAGTCGACTAA-1	18041
ACGTCCAAGCACGTTG-1	17105
ACGTCCAAGTAAGGGC-1	25600
ACGTCCAAGTTTGGTA-1	68369
ACGTCCTTCACACAGT-1	32139
ACGTCCTTCACCAATA-1	23929
ACGTCCTTCATCACTT-1	51021
ACGTCCTTCCACCTGT-1	31282
ACGTCCTTCCATAATG-1	21353
ACGTCCTTCCGGTTAG-1	29624
ACGTTACAGAACCTGT-1	22502
ACGTTACAGAATCGCT-1	17260
ACGTTACAGGCACAGG-1	15989
ACGTTACAGGCTGTGC-1	31504
ACGTTACAGGTGAGAC-1	3940
ACGTTGTAGGTATTGC-1	2506
ACTAAAGCAAACCCTA-1	22887
ACTAAAGCAACAGGTG-1	48228
ACTAAAGCATACTCCT-1	6903
ACTAACGGTTACGCAA-1	26222
ACTAACGGTTACTTGC-1	12173
ACTAACTCAATTATGC-1	11102
ACTAACTCACCGTTCC-1	18826
ACTAACTCAGCAAGGC-1	31796
ACTAACTCAGCAGGTA-1	25929
ACTAACTCATGCTATG-1	11545
ACTAATCCAAGTAAGC-1	55835
ACTAATCCAATACTGT-1	16603
ACTAATCCAGCCGCTA-1	23499
ACTATCCGTGAATCGC-1	20653
ACTATCCGTTGAATCG-1	9522
ACTATGTCAAGCCAGA-1	23383
ACTATGTCACGCAACT-1	3997
ACTATGTCACGTTACA-1	18871
ACTATGTCATGCTCCC-1	7617
ACTCACCTCCGGTTGA-1	50795
ACTCACCTCGGTCAAT-1	22872
ACTCACCTCGTACCGA-1	22468
ACTCACCTCTGTGCCT-1	16703
ACTCACTGTGGAAACG-1	5546
ACTCCTCAGGCCTGGT-1	18034
ACTCCTCAGGGATGAC-1	30978
ACTCCTCAGTAGCGCC-1	51627
ACTCGCGCATAAAGCA-1	25663
ACTGAAACAACAGGTG-1	19863
ACTGAAACAATATACC-1	17620
ACTGAAACAGCAAGTG-1	23130
ACTGAATGTTGTGATG-1	26230
ACTTACAAGAGAAGGG-1	14229
ACTTACAAGCCACAAT-1	47423
ACTTACAAGGAACGGT-1	9942
ACTTACAAGGCCTTAG-1	8773
ACTTACTTCCAGGTTG-1	31457
ACTTACTTCGATAACC-1	24534
ACTTACTTCGGTCATG-1	11275
ACTTAGGGTGGACATC-1	6209
ACTTAGGGTTTAGTCC-1	24977
ACTTATCTCACTCAAA-1	21433
ACTTATCTCTAGCTAA-1	46978
ACTTATGAGAGGCTAA-1	17775
ACTTATGAGCATTAGC-1	19265
ACTTATGAGGTCCTAG-1	13186
ACTTCGCTCGTGCTAG-1	7298
ACTTCGCTCTAAGTCA-1	16722
ACTTGTAAGCGCTCAA-1	18353
ACTTGTAAGGTCATTA-1	2887
ACTTGTCGTGCAACTA-1	17933
ACTTGTCGTGTTGTAG-1	16600
ACTTGTCGTTTAGCGA-1	55310
ACTTTGTTCCCTGACT-1	23404
ACTTTGTTCCTGATTT-1	15860
AGAAACCCACAGGAAT-1	12547
AGAAACCCAGGCATCT-1	24950
AGAAACTAGCCAAATC-1	6091
AGAAACTAGCTTAGTA-1	19244
AGAAACTAGGACCAGG-1	5573
AGAAACTAGGCTTAAC-1	26846
AGAAACTAGGGTCCAC-1	28725
AGAAACTAGTGAGCGG-1	89900
AGAACAAGTGAAGCCT-1	13239
AGAACAAGTGTGCAAC-1	24470
AGAACCAAGACACTTA-1	17401
AGAACCAAGAGGAGTC-1	25716
AGAACCAAGCAGCTCA-1	66510
AGAACCAAGCTTAACA-1	18054
AGAACCAAGGAGGCAT-1	15403
AGAACCAAGGTGCTGC-1	21259
AGAACCAAGTTTGGTA-1	78839
AGAACCGCATAGCTGC-1	25998
AGAAGGTGTCGCAATA-1	41945
AGAAGGTGTTACCTGT-1	12523
AGAAGGTGTTGAGCCG-1	17384
AGAATCGAGCAGGCCT-1	33017
AGAATCTGTGGGTGAA-1	22173
AGACACGCAAGACTCC-1	22477
AGACACGCACCTAAGC-1	23005
AGACACGCAGGCTAGA-1	27492
AGACACGCATCCTAGA-1	15521
AGACCCGGTTAATGCG-1	19877
AGAGAAGCAAACGGGC-1	16295
AGAGAAGCAATCATGT-1	22906
AGAGAGGAGGTGAAGC-1	44430
AGAGAGGAGTCATCCC-1	90863
AGAGATTAGCAAGGTA-1	13224
AGAGATTAGCGATAGA-1	36835
AGAGATTAGGTGAGAC-1	3502
AGAGATTAGTGAAGTG-1	12566
AGAGGAACAAGTGAAC-1	69279
AGAGGAACAATTAGCT-1	21333
AGAGGAACAGTTATCG-1	25547
AGAGGAACATACCCGG-1	9866
AGAGGAACATGGAGGC-1	24875
AGAGGATGTGACCTGG-1	16735
AGAGGATGTGCCGCAA-1	23128
AGATGAAGTTAATGAC-1	23641
AGATGCTTCATGGCCA-1	14432
AGCAAATAGCGGATAA-1	14819
AGCAAATAGTCACTAA-1	18794
AGCAAATAGTGAACCT-1	10208
AGCAACAAGCGGATAA-1	35161
AGCAATACATTGCAGC-1	20570
AGCACAGCATACCCGG-1	16678
AGCACAGCATATAACC-1	11778
AGCACAGCATTGCGGT-1	21217
AGCACTAGTCCGGTTC-1	19896
AGCACTAGTCTTTATG-1	20481
AGCAGGTAGATGGACA-1	33418
AGCAGGTAGGTGAAAT-1	34499
AGCATCCCAATCTCTC-1	4043
AGCATCCCACCTCACC-1	19116
AGCATCCCAGCATTAT-1	8150
AGCATTTCAATAATGG-1	22981
AGCATTTCACTGACTA-1	29120
AGCATTTCATCCTGAA-1	16700
AGCCAGTGTACCTTAC-1	26410
AGCCAGTGTATTGCAG-1	61370
AGCCAGTGTCAATAGT-1	80252
AGCCAGTGTTACGCAA-1	38108
AGCCGCTAGTCTCACC-1	23938
AGCCGGTTCGAGCTAT-1	27280
AGCCTAAGTGTTGCAA-1	20614
AGCCTAGTCAGGGCCT-1	24772
AGCCTAGTCCCTGGAA-1	40952
AGCCTAGTCCCTGTTA-1	16648
AGCCTCCGTTAACGGC-1	28548
AGCCTGGGTACTGAAT-1	64267
AGCCTGGGTTACCTGT-1	20690
AGCCTGGGTTGCGGAT-1	53861
AGCGATTTCCAATAGC-1	49766
AGCGATTTCGCTCCAT-1	24848
AGCGCCTAGAGGAAGG-1	19448
AGCGGACCAAAGCTAA-1	54021
AGCGGACCATAATCAC-1	15169
AGCGGATAGCTAATCA-1	21589
AGCGGATAGCTCATAA-1	25591
AGCGGATAGGACCGCT-1	11562
AGCGGATAGGCGCTTA-1	23056
AGCGGATAGTCATTGA-1	2965
AGCGGATAGTCCTTCA-1	51412
AGCGGATAGTTTAACG-1	20721
AGCGTGCTCATGTTTC-1	17471
AGCGTGCTCCTAAGAC-1	24958
AGCGTGCTCTCTAGCC-1	22570
AGCTAAACAAGTTATC-1	35110
AGCTAAACAATCATGT-1	19536
AGCTAAACAGCAAGTG-1	14984
AGCTAAACAGGAACTG-1	22558
AGCTAAACATTGTGTG-1	42282
AGCTAACTCAATCTCT-1	14368
AGCTAACTCCTGATGG-1	14838
AGCTAACTCTGCAAGT-1	23022
AGCTACGTCATGCATA-1	28827
AGCTACGTCCCTCATA-1	30904
AGCTACGTCTCCATGC-1	23663
AGCTACTAGGAGTCGG-1	38012
AGCTACTAGGTAAGCA-1	24873
AGCTAGTTCGAAGCGG-1	8961
AGCTATATCAGTTCCC-1	36304
AGCTATATCATGCATA-1	49458
AGCTCATAGGAAACTG-1	36851
AGCTTAATCAATCTAG-1	9639
AGCTTAATCCTGGCTT-1	19196
AGCTTAATCTTGCTAT-1	50023
AGCTTCCTCCCGAAGC-1	5797
AGCTTCCTCTCCATAT-1	19998
AGCTTGGTCCTAGTTT-1	9862
AGCTTTAAGTATTGCA-1	14357
AGGAAACGTAGTAAGA-1	46305
AGGAAACGTTCAAGAT-1	9553
AGGAACCAGCGATAGA-1	43617
AGGAACCAGCTATATG-1	20377
AGGAACGGTTAGAGCC-1	69471
AGGACGTAGCCGGTAC-1	77317
AGGACGTAGTCATGCG-1	18328
AGGACTAAGCTTTGGG-1	30862
AGGACTAAGGAACCAA-1	70770
AGGACTAAGGAGCATA-1	17323
AGGAGCTAGCTTCTCA-1	11240
AGGATATAGCAGCTCA-1	36595
AGGATATAGGAGGACT-1	29352
AGGATATAGGTTAGCT-1	21040
AGGATCCGTAAGCACC-1	36525
AGGATCCGTTGGTGAC-1	27988
AGGATGCAGACAGGTA-1	19151
AGGATGTCAACCTAAT-1	44476
AGGATGTCACCTCAGG-1	16252
AGGCAATCACTCGCTC-1	25495
AGGCAATCATATTGAC-1	15918
AGGCAGGTCCTGTTCA-1	16960
AGGCAGGTCTCATCAT-1	42028
AGGCCCAGTAAATTGC-1	23478
AGGCGGATCAAGCTTA-1	25805
AGGCTAAAGCAAGATG-1	15778
AGGCTAAAGTCAGTAC-1	16885
AGGCTAGCACGAATCC-1	6793
AGGGCCTTCAGGTCCA-1	17438
AGGGCCTTCCGCATGA-1	26290
AGGGCCTTCGTTATAG-1	17038
AGGGCTACAGATTCAT-1	21182
AGGGTTGCACTTAGGC-1	10703
AGGGTTGCATGTCAAT-1	46973
AGGTAACCATTAAACC-1	4323
AGGTACGCAGGCATGA-1	20351
AGGTACGCAGGCCTTG-1	28037
AGGTATTGTGCGCAAT-1	37439
AGGTATTGTTACGCGG-1	48318
AGGTCAAAGACAACAG-1	42460
AGGTCAAAGCCATCAG-1	17172
AGGTCAAAGCGAGCGA-1	18138
AGGTCAAAGTTATTCC-1	111203
AGGTCCGGTTGACTTC-1	15411
AGGTCTTAGCTGTCAG-1	28855
AGGTCTTAGGAGTCGG-1	37568
AGGTCTTAGGTTACGT-1	45706
AGGTCTTAGTTCCTCA-1	23294
AGGTGAATCAGGTTTA-1	6687
AGGTGAATCGTCAAGT-1	26007
AGGTGAGGTGGGTACT-1	16807
AGGTGAGGTTACATCC-1	32646
AGGTGAGGTTAGCCAA-1	17802
AGGTGAGGTTCACCCA-1	17683
AGGTGAGGTTCCAGGG-1	18058
AGGTGAGGTTTGTTGC-1	55842
AGGTTAACAGCAAGTG-1	23020
AGGTTACTCATTTGTC-1	45332
AGGTTAGAGCCAAATC-1	15408
AGGTTGCGTTATCGAG-1	17424
AGGTTTATCATTAGTG-1	17215
AGGTTTATCCTTAGGG-1	12584
AGGTTTGGTAGTTGGC-1	38582
AGGTTTGGTATTTGCC-1	17040
AGGTTTGGTCCTAAGA-1	35168
AGTAACACATCATGGC-1	13517
AGTAAGTAGTTGGGCC-1	10420
AGTAATCGTCATTGAG-1	17867
AGTAATCGTCCCGAAG-1	17774
AGTACGCGTGTGTCCC-1	18128
AGTAGGATCGGTCAGC-1	25923
AGTAGGATCTACTAAG-1	17628
AGTATAGCAAGGTACG-1	12933
AGTATAGCAGGTTAAA-1	19819
AGTCAAGAGATGGACA-1	29923
AGTCAAGAGCAACATC-1	12249
AGTCAAGAGGGTCTAT-1	60411
AGTCAATGTGATTTGG-1	20190
AGTCAGGCACTAAGTT-1	18502
AGTCCTGAGATTGAGG-1	16498
AGTCCTGAGCTTACTT-1	28541
AGTCCTTGTCATTACC-1	28691
AGTCCTTGTTGAATCG-1	3895
AGTCCTTGTTGGTGAC-1	52906
AGTCGCATCCGCAAGC-1	27944
AGTCTTGCAATTAACC-1	26332
AGTCTTGCATGTCGCG-1	14966
AGTGAACCAAGTGTTT-1	6889
AGTGAACCAGTTAGCC-1	21150
AGTGAGTCAACACTTG-1	54382
AGTGATGAGGAGCACG-1	13295
AGTGATGAGGCTGGCT-1	16823
AGTGATGAGTCATTAG-1	14273
AGTGCACGTAACCACA-1	76230
AGTGCACGTACCAGGT-1	17695
AGTGCACGTGGCTTCC-1	20394
AGTGCACGTTTATCTG-1	4606
AGTGCCGGTGCTAGAC-1	17366
AGTGCCGGTTAATGCG-1	16138
AGTGCCGGTTACGCAA-1	10979
AGTGCGGAGCTGTACG-1	21704
AGTGCGGAGGCTGTGC-1	28794
AGTGCGGAGTTTGCGG-1	16445
AGTGGACAGCTGGAAA-1	47573
AGTGTGGCAATAATGG-1	16924
AGTGTGGCAGGGAGCT-1	26590
AGTTACATCCGTTATT-1	65560
AGTTACTCAAGCCACT-1	89095
AGTTGCAGTTCCTGAT-1	17705
AGTTGCAGTTTATCGC-1	24788
AGTTGCAGTTTGTCTA-1	37791
AGTTGCGTCCCTCACG-1	10314
AGTTGCGTCGAGGAAC-1	21117
AGTTGGCGTCATCAAG-1	21601
AGTTGGCGTCGAAGTC-1	27560
AGTTGTCAGCATGAAG-1	17749
AGTTGTCAGGCCCAGT-1	58329
AGTTTGATCACAGCGC-1	50424
AGTTTGCAGACTCGCA-1	25913
AGTTTGCAGGAGTAAT-1	3303
ATAACGACAAGCTTAT-1	16523
ATAACGACAGGATGGC-1	89769
ATAAGCCTCACAGCGC-1	3438
ATAAGCCTCCTGCGAA-1	4163
ATAATGGCACTCAACA-1	2530
ATACCGGTCATGTGGT-1	9263
ATACCGGTCATTATGG-1	18965
ATAGATGCAAGGTCCT-1	22476
ATAGATGCAGTTAGCC-1	26770
ATATAGGCAAAGCTCC-1	33619
ATATAGGCAACTAGCC-1	37240
ATATAGGCAATAATGG-1	17393
ATATAGGCACTTCATC-1	19081
ATATGCATCATGCTCC-1	23883
ATATGCATCCTAATTC-1	17237
ATATGCATCCTTAGGG-1	28136
ATATGCTCAAGTAAGC-1	26061
ATATGGTGTAGCTAGC-1	15634
ATATGGTGTGCAATGC-1	5772
ATATGTCCAAAGCGGC-1	17781
ATCAAGACAAAGCTAA-1	44442
ATCAAGACAAGTGTCC-1	3120
ATCAAGACACATTAAC-1	26537
ATCAAGCTCCACCCTG-1	19946
ATCAATCCAATCCCTT-1	17335
ATCAATCCAGCTACGT-1	4726
ATCAATCCAGGGAGGA-1	54713
ATCACAATCAGGATGA-1	13274
ATCACAATCGCTAGTG-1	27498
ATCACACAGCACAGCC-1	39672
ATCACACAGGCGAAAC-1	24905
ATCACACAGGGTCCAC-1	7583
ATCACCCTCAGAAACG-1	16589
ATCACTAAGGCGGATG-1	26330
ATCACTAAGTATTGTG-1	8252
ATCAGGTTCCTCACTA-1	27839
ATCATCAAGTCTTGAA-1	75313
ATCATCAAGTGCACGC-1	24898
ATCATGTCACATTGCA-1	18900
ATCATGTCATTGGGAG-1	26497
ATCCAACAGCCTGAGC-1	14018
ATCCAACAGTAAACCC-1	17911
ATCCACCTCCAATTAG-1	16676
ATCCACCTCTGTTCAT-1	39250
ATCCATAAGCGGCTGT-1	14703
ATCCATAAGGACCTTG-1	19248
ATCCATAAGGCGGATG-1	68839
ATCCATAAGGCTACAT-1	28793
ATCCATAAGTCCTTTG-1	10461
ATCCCGCGTAAAGCGG-1	36169
ATCCCGCGTTGGTTGA-1	7316
ATCCGTGAGAACAAGT-1	24213
ATCCGTGAGCTGCACA-1	14389
ATCCGTGAGTCACTAA-1	30360
ATCCTCATCATAACTG-1	12226
ATCCTCATCGATAACC-1	10255
ATCCTCATCGTTAGCG-1	2917
ATCCTTAGTTCGGTAA-1	18573
ATCGCCCGTAGCTGCG-1	26642
ATCGCCCGTCATTGAG-1	74537
ATCGCCCGTGATTACG-1	19520
ATCGCCCGTGCCGCAA-1	47398
ATCGCCCGTTGGTTCT-1	46742
ATCGGCCAGACACTTA-1	21047
ATCGGCCAGACAGGCG-1	15086
ATCGGCCAGCTTGCTC-1	16667
ATCGGCCAGGGTTATC-1	96763
ATCGGCCAGGTCAAAG-1	29019
ATCGGCCAGTAAGAAC-1	27561
ATCGGCCAGTGAGCAA-1	23458
ATCTATGAGCTCATAA-1	25734
ATCTATGAGTCAGGCC-1	19004
ATCTATGAGTTGGCCA-1	48397
ATGAAGTAGCTGGCTA-1	25923
ATGAAGTAGTAGCGGG-1	21782
ATGAAGTAGTGAACCT-1	13740
ATGAATGCAAACGCGA-1	27607
ATGAATGCACGCAACT-1	22952
ATGAATGCACGTTACA-1	17833
ATGAATGCAGGACCAA-1	15194
ATGACAACAGAACCGA-1	40128
ATGACAACAGCACGTT-1	56230
ATGACAACAGGCTTCG-1	26126
ATGACGAAGCCGCAAC-1	26291
ATGAGCCGTAAGTCGC-1	10903
ATGAGCCGTATTCGTC-1	21810
ATGATGGAGAACCTAC-1	21068
ATGATGGAGCCGCAAC-1	14007
ATGATGGAGGTTACGT-1	15157
ATGCAAACAGCCAGAA-1	19292
ATGCAGGCAATCTCTC-1	25811
ATGCAGGCATGTCGCG-1	14034
ATGCATTCACAAGCCT-1	88511
ATGCATTCAGTTGCGT-1	60026
ATGCATTCATAGCTGC-1	25129
ATGCATTCATCACTTC-1	14775
ATGCCTGAGGTAGCTT-1	15077
ATGCCTGAGTCAGGCC-1	29665
ATGCCTGAGTTAGTTG-1	52890
ATGCGATTCTTGAGGT-1	20520
ATGCGATTCTTTGACT-1	6791
ATGGACAAGCTTAACA-1	14014
ATGGACAAGGATCACT-1	16885
ATGGACAAGTCACTCC-1	15534
ATGGACAAGTGAACAG-1	81847
ATGGCCCAGCCGCTTT-1	20090
ATGGCCCAGGACTAAG-1	2683
ATGGCCGGTACTTAGG-1	14428
ATGGCCGGTAGGTGTC-1	19736
ATGGCCGGTCCTAGTT-1	5257
ATGGCCGGTCTTACTA-1	43108
ATGGCCGGTGCCTCAC-1	6951
ATGGCCGGTTAAGGTT-1	29861
ATGGCCGGTTACTTCA-1	17713
ATGGCTAGTTGTAAAC-1	15466
ATGGCTGTCCGCAAAT-1	16973
ATGGCTGTCCTAACGG-1	6486
ATGGCTGTCGGGATTT-1	16277
ATGGCTTAGGGTTATC-1	8045
ATGGTCTAGCTAATCA-1	43825
ATGGTCTAGCTGGCTA-1	22610
ATGGTCTAGTGAGCGG-1	14937
ATGGTGCGTTAAGCCA-1	20214
ATGGTGCGTTTCGCCA-1	9470
ATGGTTATCGATCAGT-1	16531
ATGGTTATCGCCTAAG-1	57580
ATGTAACGTCCTAAGA-1	50957
ATGTAACGTTTCCTCC-1	46420
ATGTAAGCAATTAAGG-1	2780
ATGTCAATCCGGTTAG-1	16826
ATGTCAATCGTAATCA-1	15612
ATGTCATCAGGACCAA-1	11498
ATGTCATCATCGCTCC-1	17221
ATGTGAGAGTTTGTCT-1	24235
ATGTTCAAGACAGGCG-1	30982
ATGTTCAAGGAGGTTA-1	24683
ATGTTCAAGTTATTCC-1	74310
ATGTTGTCAATTTGGT-1	16325
ATGTTGTCATGAAGTA-1	8433
ATGTTTGAGGAGCATA-1	34966
ATGTTTGAGGCATTAC-1	49046
ATTACCCGTGAACAAA-1	15570
ATTACCGCACAATACT-1	25326
ATTACGTCAAGGTACG-1	39912
ATTACGTCAGGGAGGA-1	23805
ATTAGCGGTCCCGGAA-1	13825
ATTAGCGGTGGATGTC-1	20178
ATTAGCGGTTGTCATC-1	16536
ATTAGCTCAAGGTCGA-1	38228
ATTAGCTCAATCATGT-1	22948
ATTAGCTCATAATCCG-1	19006
ATTAGCTCATGCTCCC-1	14310
ATTAGGTGTCTTGCAT-1	11813
ATTAGGTGTGAGCACT-1	68401
ATTCAACCAATTTAGC-1	84995
ATTCAACCACGGTACT-1	39316
ATTCAACCAGCACGTT-1	12798
ATTCAACCATTAAACC-1	93346
ATTCACTTCCGGAACC-1	22845
ATTCACTTCCGGTATG-1	14631
ATTCACTTCCTTGAGG-1	19223
ATTCACTTCTCACTAT-1	13090
ATTCATGAGTAAACCC-1	25328
ATTCCGGAGGCAATAG-1	6148
ATTCCGGAGTCCTGAG-1	16629
ATTCCTAGTAAATTGC-1	19969
ATTCCTAGTACAATGT-1	38164
ATTCCTAGTGTGCACG-1	16156
ATTCCTCCACAGAACG-1	16694
ATTCCTCCACCAGCAT-1	25188
ATTCGTTTCCAAATCA-1	55120
ATTCGTTTCTATTGTC-1	81493
ATTCGTTTCTGCAAGT-1	49429
ATTGAAGCAACTAGAA-1	52426
ATTGAAGCAAGCTTTG-1	39609
ATTGAAGCACCTCAGG-1	28695
ATTGAAGCATTAAACC-1	17393
ATTGACTCACCTGTAA-1	26121
ATTGACTCATCCCGCT-1	22197
ATTGCACAGACTATTG-1	47641
ATTGCACAGAGAAGGG-1	62179
ATTGCACAGTGAGAGC-1	14712
ATTGCAGGTACCGAAC-1	13541
ATTGCAGGTGTGCACG-1	23893
ATTGCGCCAATTAACC-1	25709
ATTGCGCCATAATCAC-1	14663
ATTGCTCGTCGACTAA-1	18219
ATTGGCTAGGCGAAAC-1	24941
ATTGGTTCAACTAGAA-1	43815
ATTGGTTCAATGAGGT-1	12254
ATTGGTTCAGTTTGTG-1	40038
ATTGTCCGTCAGTAAT-1	37352
ATTGTCCGTGTTGCAA-1	14801
ATTTAGCCAAACCTTG-1	63800
ATTTAGGTCATCCTAT-1	7327
ATTTAGGTCCGCCAAA-1	21018
ATTTAGGTCGCTAGTG-1	23470
ATTTAGGTCTTTGTAC-1	28275
ATTTGCAAGGCCTAAT-1	25735
ATTTGCAAGTAGCGGG-1	24606
ATTTGCGCACCTAAGC-1	16524
ATTTGCGCATGGCCCA-1	19506
ATTTGCGCATTAGCGC-1	15657
ATTTGTGAGCACCACA-1	18077
ATTTGTGAGCATGACT-1	17116
ATTTGTGAGTAAGAAC-1	41067
ATTTGTGAGTTTGGTA-1	19471
CAAACAACAAATATCC-1	9562
CAAACAACAGGAACAT-1	47598
CAAACAACATTATGCG-1	22227
CAAACACTCCTTGAGG-1	28905
CAAACACTCGCAGGCT-1	15654
CAAACATGTTTGAGCA-1	27229
CAAACCGTCACATTGA-1	17672
CAAACGCGTCCTTCAG-1	60339
CAAACGCGTTAGAGCC-1	31308
CAAACGCGTTCCTCCT-1	13554
CAAACTGGTAGGATTT-1	28285
CAAACTGGTTGCTGGG-1	45030
CAAACTGGTTGTAAAC-1	18140
CAAACTGGTTTAGTCC-1	15621
CAAAGCGCAAATACCT-1	35821
CAAAGTGAGTACCGCA-1	19798
CAACAGGCACAAAGAC-1	15597
CAACCCGCAGAGGGAG-1	3333
CAACCCTTCACAAGCT-1	39536
CAACCCTTCCCTTGCG-1	19429
CAACCCTTCTAGCTTT-1	41875
CAACCCTTCTCAATAG-1	13063
CAACTAATCATAGACC-1	22355
CAACTAATCATGGTTA-1	6302
CAACTAATCGCTAGTG-1	18420
CAACTAATCGGTTACG-1	14810
CAACTAGGTGTGCACG-1	15682
CAAGAACCATCGTTCT-1	76170
CAAGACAAGTGCTGTG-1	15098
CAAGACAAGTTTGTCT-1	22459
CAAGGCTGTAGCTGCG-1	3809
CAAGGCTGTTCGCTCA-1	15415
CAAGGTAAGCAGGTGG-1	63455
CAAGGTAAGCCTCTGT-1	10800
CAAGGTAAGCTATTGA-1	31463
CAAGGTAAGGGCTTAT-1	16393
CAAGGTAAGTAAAGGT-1	19554
CAAGGTTTCCCGAACA-1	18682
CAAGGTTTCCCTCAAC-1	30028
CAAGGTTTCCTAAATG-1	22112
CAAGGTTTCCTCAGTC-1	22208
CAAGTAACACGGTTTA-1	81243
CAAGTAACAGGCAAGC-1	39288
CAAGTATGTAATGGAA-1	38245
CAAGTATGTCTCAGCC-1	29723
CAAGTATGTTCACCCA-1	19515
CAAGTGAAGACAAGTG-1	59395
CAAGTGAAGGCTTAGT-1	15302
CAAGTGAAGGTCAAAG-1	59211
CAAGTGAAGTAACGAG-1	62011
CAAGTTATCATTGCAA-1	15901
CAAGTTATCCACAATA-1	9188
CAATAAGCAATAGTCT-1	13602
CAATAAGCAGAAATGC-1	19137
CAATAGCTCACCTGTC-1	23132
CAATAGCTCATTGTTC-1	15548
CAATATGTCCGGTTGA-1	23303
CAATATGTCTTGCTAT-1	41787
CAATCCCTCATGGCTG-1	20439
CAATCCCTCCAGCACA-1	11549
CAATCCCTCCTAAGTA-1	65614
CAATCGCCAGCAACCT-1	15557
CAATCTAAGCGAAGTA-1	20115
CAATGAACAAACTCAT-1	9585
CAATGAACATCCCGCT-1	14094
CAATGACTCAATGAGG-1	24408
CAATGACTCTTAAGTG-1	24445
CAATGCCCAATGAATG-1	72862
CAATGCCCACACTAAT-1	40253
CAATGCCCATGCAACC-1	24573
CAATGTCAGACAGGCG-1	18840
CAATGTCAGCGGCTGT-1	81956
CAATGTCAGGAACCGG-1	21796
CAATGTGGTAGTTAAC-1	18667
CAATGTGGTTAGAGCC-1	25930
CACAGGCTCAAATCGC-1	44522
CACAGGCTCACCTGTC-1	28414
CACAGGCTCAGGCTAT-1	5516
CACAGGGAGTCATTGA-1	7247
CACATAATCATCCTGC-1	6422
CACATAATCATTTGTC-1	8590
CACATAATCGGTTAGT-1	6682
CACATAATCTGCAAAC-1	15504
CACATACAGGCATGTT-1	17984
CACATACAGGTCGAGG-1	27503
CACATTAAGGTCGATT-1	44165
CACATTAAGTTATTCC-1	21360
CACCAACCAGGCGAGT-1	33793
CACCAACCATGGAGGC-1	20671
CACCGGTAGTAACCAC-1	17756
CACCGGTAGTGAGCGG-1	14665
CACCTCAGTAAGCTTG-1	17129
CACCTCAGTTACGCGG-1	41443
CACCTGTTCATAACCA-1	52885
CACCTGTTCCCAGTAG-1	16438
CACGCAATCACCAATA-1	27947
CACGCAATCATTACAG-1	14139
CACGCAATCCTTGAGG-1	39888
CACGCTAAGCCTAACG-1	23076
CACTAAGGTTCCAGGG-1	29076
CACTAAGGTTGGTTGA-1	2934
CACTGACCACAGACTC-1	8032
CACTGACCACCGGTAT-1	20832
CACTTAAAGACAACGA-1	15104
CACTTAAAGCCTCTCG-1	19958
CACTTAAAGGCCTGGT-1	20235
CACTTAAAGTCTATGA-1	19322
CACTTTGTCAGCAAGA-1	22795
CACTTTGTCAGGAAGC-1	20235
CACTTTGTCATGGCCA-1	16744
CACTTTGTCTGTGAGT-1	29287
CAGAACCGTGGGTACT-1	13246
CAGAATCTCCAAACAC-1	18867
CAGAATCTCGGTTAGT-1	26114
CAGATTCAGGAACACA-1	14165
CAGCAAGCAATAGCAA-1	4920
CAGCATGTCATGCGTG-1	48363
CAGCATGTCCCATAAA-1	25275
CAGCATGTCGTTAAGC-1	62857
CAGCATTAGCGCCTAA-1	21901
CAGCCAATCCGTGACA-1	17375
CAGCCTAAGGAAGCTA-1	55482
CAGCCTAAGGATCACT-1	9899
CAGCCTTTCGAAGTGA-1	20823
CAGCTAAGTCCTAATC-1	42190
CAGCTAAGTCTTGCTG-1	4504
CAGCTATAGCATGCAT-1	41666
CAGCTATAGCGATAGA-1	48072
CAGCTATAGCTCAATA-1	20634
CAGCTATAGCTCATAA-1	19417
CAGCTCAAGAGGGACT-1	24076
CAGGAAGGTAGGTTTG-1	24324
CAGGAAGGTTTGGTTC-1	24776
CAGGACCTCAATGTGC-1	16746
CAGGACCTCCTTTACG-1	20943
CAGGATGCAGCCAGTT-1	45153
CAGGCTATCAAACCTA-1	26460
CAGGCTATCAAGCTTA-1	57909
CAGGCTATCGCAGGCT-1	24026
CAGGCTGGTTGCACGG-1	8073
CAGGCTGGTTGGCGTG-1	29425
CAGGCTGGTTGTTGGA-1	25036
CAGGGCTTCCAGGAAA-1	19305
CAGGGTGAGACCATAC-1	23478
CAGGGTGAGCTGCACA-1	35413
CAGGGTGAGGACGTAA-1	20883
CAGGTGGAGAACAAGT-1	14054
CAGGTGGAGGACTAAG-1	6332
CAGGTGGAGGTAACGA-1	74138
CAGGTGGAGGTTACAC-1	15537
CAGGTGGAGTGAACAG-1	28338
CAGGTTAGTCAGGCCA-1	16182
CAGGTTAGTGGGAACA-1	10582
CAGGTTAGTGTTTCAC-1	5296
CAGGTTTAGCACGATT-1	17146
CAGGTTTAGTAGGATG-1	28883
CAGGTTTAGTGTTGTA-1	13076
CAGTACCCACTAGGTC-1	20482
CAGTACCCATAGCTTG-1	26649
CAGTATGGTCTAGCTT-1	27187
CATAAGCTCAATGTCA-1	35501
CATAAGCTCACTCAAA-1	28703
CATAAGCTCATGCCTC-1	8861
CATAAGCTCGCTAAGT-1	24623
CATAATCCAGCTCATA-1	46820
CATAATGTCCGTTAAA-1	30589
CATAATGTCTACCTGC-1	13594
CATAGCTAGAAGGTGC-1	38538
CATAGCTAGGTGTCCA-1	14826
CATAGCTAGTTTGGTA-1	4820
CATAGGCGTAAATTGC-1	76766
CATAGGCGTAGGATTT-1	20372
CATAGGCGTATTTGGG-1	27904
CATAGGCGTGGATTGC-1	10481
CATAGGCGTGTGAGAG-1	9611
CATAGGTTCAAGTGAG-1	33845
CATAGTCAGGCGCTTA-1	21989
CATCAATCATAGCGAG-1	17246
CATCACACAGCTTAAT-1	57842
CATCACACATATTGAC-1	29789
CATCATAAGAGAGGCT-1	6577
CATCATAAGGCACAGG-1	22662
CATCATAAGGGACTAA-1	24394
CATCATGCATACTCCT-1	8036
CATCCCAGTAGCTGCG-1	13953
CATCCCAGTCAGGAAG-1	8533
CATCCCAGTCATCCTG-1	30825
CATCCCAGTTAGGTTG-1	21057
CATCCTCAGCAAGGGT-1	13173
CATCCTCAGCATGAAG-1	11902
CATCCTCAGGCGAAAC-1	45458
CATCCTCAGTTAACCA-1	23697
CATCCTGGTCACCTAT-1	12833
CATCCTGGTCGCGCAA-1	20208
CATCCTGGTTAATCGG-1	10643
CATCCTGGTTATTGCC-1	17850
CATCGCTTCGGTAACT-1	56866
CATCGCTTCTTTGAGA-1	27794
CATGAGGCACAAACTT-1	33428
CATGCGCAGTCAGTAC-1	16065
CATGCGCAGTGAACGA-1	22639
CATGCGGGTGCTCCGT-1	38834
CATGGATTCGTGCTAG-1	6514
CATTATCTCCGTTAAA-1	17089
CATTATCTCCTGAGTG-1	62525
CATTATGAGTGAGCGG-1	18416
CATTCATTCCCTCAAC-1	57873
CATTCATTCCTAATGA-1	21722
CATTCATTCGTTTCGC-1	20090
CATTCATTCTGTAAGC-1	14873
CATTCATTCTTGTCCA-1	28014
CATTCCTCAACAACAA-1	29290
CATTCCTCAGTTTACG-1	27156
CATTGCGAGAAGGTGC-1	32819
CATTGCGAGACTTATG-1	15241
CATTGCGAGCTGGCTA-1	36757
CATTGCGAGGAGGCAT-1	33595
CATTGCGAGGATTGCT-1	8127
CATTGCGAGGGTCTAT-1	28436
CATTGTAAGAGGAGTC-1	19360
CATTGTAAGCGTGCGT-1	21738
CATTGTAAGGACCTTG-1	37533
CATTGTGCACGAACAG-1	16385
CCAAACCCAATAACGA-1	25857
CCAAACTAGCCTCTCG-1	22907
CCAAACTAGCTCAAAC-1	71373
CCAAACTAGGGTCCAC-1	36618
CCAAATCAGCCTGATG-1	27379
CCAAATCAGTAGCGGG-1	17806
CCAACATAGAGAAGGG-1	24624
CCAACCAAGGAACCAA-1	20153
CCAACCCGTATCTGGA-1	14979
CCAAGGCTCACATTGA-1	4241
CCAAGGCTCATAACTG-1	4586
CCAAGTTAGCGATAGA-1	23881
CCAATATCACGTGCTG-1	4635
CCAATATCAGCTACGT-1	27322
CCAATATCATCACAGC-1	23937
CCACAATAGAACCTGT-1	21295
CCACAATAGGTTTACA-1	48922
CCACACAAGGATTGAG-1	11026
CCACAGGGTGCTCCAC-1	16412
CCACAGGGTGTCCAAA-1	54427
CCACATTGTCAGGCCA-1	19918
CCACATTGTCATTGTC-1	16556
CCACATTGTGTTGTAG-1	45029
CCACTTGGTGCAATGC-1	27508
CCACTTGGTTAGCAGC-1	14616
CCAGACTCAAATTGCT-1	11218
CCAGACTCAATCCTGA-1	12019
CCAGCCTGTAAATTGC-1	18177
CCAGCCTGTCATGCCC-1	15577
CCAGCCTGTTTCAGGA-1	3248
CCAGCTAAGCTTACTT-1	85124
CCAGCTAAGTAAACCC-1	60118
CCAGCTAAGTCAATTG-1	55247
CCAGGAACACAGGATG-1	17133
CCAGGAACATGTTGGC-1	36096
CCAGGATGTAGTTACG-1	3002
CCAGGATGTCCCGAAG-1	13457
CCATAAATCAATAGCC-1	17223
CCATAAATCCCTGATC-1	12883
CCATAAATCCTAGTTT-1	31355
CCATAAGGTTAGAGGG-1	12303
CCATAAGGTTCACCAT-1	31921
CCATAAGGTTCACCCA-1	13741
CCATAATCACAAAGGT-1	36186
CCATAGCCACCTAATG-1	17354
CCATATTTCACTCGCT-1	2868
CCATATTTCAGCACGC-1	5035
CCATATTTCGCCTGTT-1	18964
CCATATTTCTGTTCAT-1	24376
CCATCACTCATAGCCG-1	16975
CCATCATGTACAAAGA-1	28345
CCATCATGTTCGGGAT-1	12970
CCATCATGTTTGAGCA-1	62547
CCATTGTGTCATGAGC-1	44973
CCATTGTGTGGGAACA-1	48387
CCATTGTGTTACTTGC-1	15359
CCCAAACCAAGCGAGC-1	10765
CCCAAACCAGTTATCG-1	19184
CCCAAATAGGGTTATC-1	35075
CCCAAATAGTTCCCGT-1	18861
CCCAACCGTTTGGCGG-1	24153
CCCAATTGTCACTCGC-1	10605
CCCAATTGTCAGGCAT-1	26825
CCCAATTGTCTATCGT-1	23696
CCCAATTGTTATAGCG-1	45398
CCCAATTGTTTAACCC-1	29992
CCCAGTTTCCTTTACG-1	30758
CCCGCAACAGGAACCA-1	44245
CCCGTAAAGCTAAGTC-1	38639
CCCGTAAAGCTAATTG-1	24907
CCCGTAAAGGAATAAC-1	18755
CCCGTAAAGGCTACTG-1	26258
CCCGTTGTCCATTACT-1	20301
CCCGTTGTCCGCCTAT-1	11703
CCCTCACCACTAAGTT-1	55554
CCCTCACCATCATGTG-1	25283
CCCTCATAGACTTATG-1	21017
CCCTCATAGCAAGGTA-1	60400
CCCTGGACAATTTAGC-1	24982
CCCTGGACAGGACCAA-1	46514
CCCTGTTAGATGGACA-1	25802
CCCTGTTAGTGAACCT-1	4216
CCGACAGGTCCTAATC-1	4992
CCGACAGGTGGTTATG-1	14486
CCGACAGGTTGACTTC-1	12680
CCGACAGGTTGTTGCT-1	24897
CCGATGCAGAACAAGT-1	14045
CCGATGCAGCTCCTAC-1	28595
CCGATGCAGGCTCATG-1	10769
CCGCAAATCCTCACAC-1	23337
CCGCAAATCCTTGCGT-1	22443
CCGCAAGGTTTACCGT-1	16747
CCGCACACAACAGCCT-1	22380
CCGCACACAATCCTGA-1	22613
CCGCACACAGTTTGGC-1	12169
CCGCCAACAATAGCCC-1	19738
CCGCTAAAGGCTACAT-1	45664
CCGCTAGCAAACGGGC-1	31914
CCGCTAGCAGGAACCA-1	30291
CCGCTAGCATTCAGCA-1	14742
CCGCTTAGTAATGGAA-1	10477
CCGGTAGGTTAAGGTT-1	5331
CCGGTTAAGATGGACA-1	69982
CCGGTTAAGCAAGGTA-1	14790
CCGGTTAAGTCAATCA-1	14773
CCGTGCTGTAGGTTTG-1	55343
CCGTGCTGTCCTTTAA-1	17021
CCGTGCTGTTATCCTA-1	41164
CCGTTAACAGTGAACG-1	45894
CCGTTACTCCACCTTA-1	25393
CCGTTATGTCACACCC-1	32311
CCGTTGCGTTCCGGGA-1	22397
CCGTTTGGTTAGCCAA-1	17581
CCGTTTGGTTTGGTTC-1	12934
CCTAAGCCAAACGGGC-1	9827
CCTAAGCCACGAACAG-1	21205
CCTAAGCCATTATGAC-1	4334
CCTAAGGTCAAGCTTA-1	24872
CCTAAGGTCCAGCACA-1	31164
CCTAAGGTCCGGTTAG-1	19287
CCTAAGGTCCTGATTT-1	79015
CCTAAGGTCGGCTAGC-1	72123
CCTAAGTAGGTAAGCA-1	3755
CCTAAGTAGTAATCCA-1	21669
CCTAATAAGAACCTGT-1	21757
CCTAATAAGACTTACA-1	25267
CCTAATAAGCCACATG-1	18529
CCTAATAAGTAACCAC-1	60774
CCTACTGGTCCTAGTT-1	33272
CCTACTGGTGTTAGCA-1	26793
CCTACTGGTGTTTCAC-1	11828
CCTACTGGTTTGAGGC-1	18946
CCTACTTCAGCAACCT-1	8487
CCTAGTTGTCACGGAT-1	8620
CCTAGTTGTCATAAGT-1	14244
CCTAGTTGTGAGCACT-1	16694
CCTAGTTGTTATAGCG-1	16463
CCTATAGCACGTAATT-1	24204
CCTATAGCATGGCCTG-1	31559
CCTATATTCGCTATGG-1	8822
CCTATTGTCCCGTTTA-1	17822
CCTATTGTCTCACACC-1	10857
CCTATTTAGGACCTGC-1	23512
CCTATTTAGTGAGCGG-1	10160
CCTCAAACAATGCGCT-1	23970
CCTCAAACACCCACAG-1	16468
CCTCAAACACCGTTCC-1	8894
CCTCAATGTTTGAGCA-1	27868
CCTCAATGTTTGGGTA-1	45674
CCTCAGTTCAACAAGG-1	23278
CCTCAGTTCACCTGCT-1	11249
CCTCAGTTCAGGTCCA-1	25815
CCTCAGTTCCCGTTAC-1	43225
CCTCAGTTCGTTAACA-1	36938
CCTCCTCTCAAACACC-1	22994
CCTGAATAGATACTTG-1	2740
CCTGAATAGGAACGGT-1	29667
CCTGAATAGGTGAAAT-1	59251
CCTGAATAGTAAAGGT-1	67016
CCTGAGTCAGCAAATA-1	56132
CCTGAGTCATTATCCC-1	2865
CCTGATGAGCCGCTAA-1	73563
CCTGATGAGGAACGCG-1	14153
CCTGCTCCAAGGACCA-1	24475
CCTGCTCCAATATGGA-1	39359
CCTGCTCCACAGCCAT-1	58325
CCTGGATCACCTGGTG-1	34285
CCTGGTAAGAATCGCT-1	2665
CCTGGTAAGCGGATAA-1	15295
CCTGTTGGTGAAACAA-1	16649
CCTGTTGGTTCCAGGG-1	18655
CCTGTTGGTTTCGCGC-1	26179
CCTTACTCAAGGGTTG-1	16006
CCTTACTCACCTGTAA-1	25873
CCTTAGTGTCAATACG-1	18764
CCTTATGTCCACAATA-1	8041
CCTTATGTCGTTAGCG-1	25542
CCTTCAATCCGGTATG-1	15953
CCTTCAATCTGTGAGT-1	32141
CCTTCAGGTCAACAAT-1	20685
CCTTCAGGTGTTTGCT-1	15003
CCTTCAGGTTAGCGTA-1	20342
CCTTGCGTCGCAGGCT-1	13811
CCTTGTTCACTTCACT-1	30289
CCTTGTTCATCAGCAC-1	11488
CCTTGTTCATCCATCT-1	18331
CGAAGAATCACTAGGT-1	16464
CGAAGAATCTCACTAT-1	15541
CGAAGAATCTTGAGGT-1	42621
CGAAGCCTCGCTTCTA-1	4760
CGAAGCGAGCTAAGTC-1	41083
CGAAGGCCATAGCTGC-1	3887
CGAAGTAAGACAAGTG-1	32032
CGAAGTAAGTGAGGGT-1	24152
CGAATATGTTCACCCA-1	17069
CGAATATGTTGCGCGA-1	22348
CGAATCTAGCATTAGC-1	15181
CGAATCTAGTTAGACC-1	12791
CGACAAGCAAACCCTA-1	35084
CGACAAGCACAGGGAC-1	22283
CGACAAGCAGGAAGCC-1	23555
CGACAAGCATGCATAT-1	30334
CGACCTGCAACAACAA-1	21402
CGACTAAGTTAGCATG-1	20191
CGACTAAGTTCATCTA-1	17212
CGACTAAGTTGCGGAT-1	18663
CGACTAAGTTGGTTGA-1	2920
CGAGCGAAGAGGCTAA-1	30241
CGAGCGAAGCATTAGC-1	25581
CGAGCGAAGGCGCACT-1	7408
CGAGCGAAGTAAGGGC-1	75880
CGAGCGAAGTTAGCCG-1	37266
CGAGCTGGTCAAGTAT-1	13945
CGAGCTGGTTAACAGT-1	13678
CGAGCTGGTTAAGCCA-1	16161
CGAGCTGGTTCTTTAG-1	18473
CGAGGAAGTGTTGTGA-1	47611
CGAGGTGAGCAGCTCA-1	45798
CGAGGTGAGCCTGTGA-1	13038
CGAGGTGAGGGATTAG-1	5003
CGAGTCGGTTCCATTA-1	22318
CGATATTCAAGCTACC-1	18536
CGATCCTTCCAGGAAA-1	22420
CGATCCTTCCTTGAGG-1	42124
CGATCCTTCGTTACAA-1	19858
CGATGTCCACAGGAAT-1	22606
CGATGTCCACGGTACT-1	53347
CGATGTCCATCAGCAC-1	26502
CGATTATCATCACAGC-1	12735
CGATTGAGTTTGGCTT-1	24155
CGATTTGCAACTCGCG-1	12099
CGATTTGCAAGTCGCT-1	7330
CGATTTGCATCACTTC-1	26935
CGCAAATTCACGTTAA-1	32222
CGCAAATTCAGTTCCC-1	15851
CGCAATAGTTGTCATC-1	54789
CGCAATCCAATGCCCG-1	34970
CGCAATCCACCTGTAA-1	38660
CGCAATCCATAACGGG-1	19524
CGCAATGTCCCGCAAA-1	14710
CGCAATGTCCCGTTAC-1	19381
CGCAATTAGTTACCGG-1	15282
CGCAATTAGTTGCGTG-1	21203
CGCACAATCATTTGTC-1	41829
CGCACAATCTTAATGG-1	48835
CGCACACAGTAGGATG-1	13879
CGCATATAGCCGCAGT-1	19825
CGCATATAGCTAATTG-1	23446
CGCATGATCACAGCCA-1	35583
CGCATGATCTGTGCCT-1	15876
CGCATTACATGAATAG-1	16434
CGCATTTGTACTTAGG-1	10658
CGCATTTGTGGCTTCC-1	28882
CGCCAAATCAATAGCC-1	10760
CGCCACACACACCAAC-1	7269
CGCCACACATTAAGTC-1	26912
CGCCTCATCAGGTTTA-1	18915
CGCCTCATCGTTACAA-1	29414
CGCCTGTGTTCCTGTG-1	17024
CGCGATTCACAGCCAT-1	78223
CGCGATTCAGCACGAA-1	30702
CGCGATTCATTTAAGC-1	17758
CGCGGATTCAAGCTAC-1	42222
CGCGGATTCCGTAAAC-1	12900
CGCGGATTCTCCATAT-1	52216
CGCTAACCACAAACTT-1	19447
CGCTAACCAGGCCAAA-1	26482
CGCTAACCATTGTGAT-1	16193
CGCTAATAGACTTACA-1	39804
CGCTAATAGCTGTACG-1	26432
CGCTACTTCATAACCA-1	17109
CGCTCAGCACGTGCTG-1	17394
CGCTGTGCATAGCGGA-1	13340
CGCTTAACAAGCCAGA-1	14954
CGCTTAACAAGGTACG-1	95133
CGCTTAACAATAATGG-1	19386
CGCTTAACACGCAACT-1	13711
CGCTTACTCAGCATTA-1	15173
CGCTTACTCATTGTCT-1	36258
CGCTTACTCCCGTTTA-1	23475
CGCTTACTCCTGAGTG-1	59861
CGCTTACTCGCGCTAA-1	19353
CGCTTACTCGGCCAGT-1	35454
CGCTTCTAGACAGGTA-1	42172
CGCTTCTAGCTGGCTA-1	23608
CGCTTCTAGGTCGAGG-1	46780
CGCTTCTAGTACTGGT-1	21636
CGCTTGCGTGAACAAA-1	13953
CGCTTGCGTGCTCCAC-1	50144
CGCTTGCGTGTGCAAC-1	11022
CGGAATCGTAATCACG-1	15154
CGGAATCGTAATTAGC-1	11247
CGGAATCGTATTCGCT-1	76543
CGGAATCGTTCATCTA-1	19104
CGGACAACAGGATAAC-1	18182
CGGACAACATTATGAC-1	8476
CGGACCTAGGACTTAC-1	26065
CGGAGCAAGATAGACG-1	27311
CGGAGCAAGTCTCACC-1	17617
CGGAGTCTCAGCTAAC-1	49919
CGGAGTCTCCGGTTAG-1	56357
CGGAGTCTCCTAATGA-1	36851
CGGATAAAGCCTCTGT-1	49158
CGGATTAGTACCGAAC-1	12862
CGGCAATGTTAGTACG-1	23071
CGGCAATGTTTCGCCA-1	12883
CGGCCATAGAACCTGT-1	20864
CGGCCATAGCCTCTCG-1	27177
CGGCCATAGTCATCCC-1	26821
CGGCTCACAGGCGATA-1	38859
CGGGACAAGGAAACTG-1	15674
CGGGCTTAGAACCTGT-1	75439
CGGGTATGTATGGTGC-1	21070
CGGGTATGTCCAAGAC-1	25053
CGGGTATGTCCTAGTT-1	11412
CGGGTATGTTGGCGTG-1	66944
CGGGTCTAGGAACCAA-1	47096
CGGGTCTAGGAGCATA-1	23901
CGGTAACGTCCAAATG-1	15837
CGGTAACGTGCTAGAC-1	34473
CGGTAACGTTCATTTG-1	27632
CGGTAACGTTGGTGAC-1	19686
CGGTGAACAGATAGAC-1	14153
CGGTGAACATTTGCTC-1	13684
CGGTGAGAGGCTCATG-1	7234
CGGTGAGAGGTTTACA-1	18553
CGGTTATAGCCACAAT-1	21497
CGGTTCCGTAGTTACG-1	6216
CGGTTCCGTTTGAGGC-1	42691
CGGTTTCTCCCTGGTT-1	42745
CGGTTTCTCGCACAAT-1	10559
CGGTTTCTCGCTAAGT-1	18732
CGGTTTCTCGTTATAG-1	39876
CGGTTTGAGCCAAATC-1	16641
CGGTTTGAGGACTTAC-1	19693
CGGTTTGAGGGTGAGT-1	7823
CGGTTTGAGGTAAGCA-1	61883
CGTAACCCAACACCTA-1	13039
CGTAACCCACAATACT-1	33609
CGTAACTAGTTAGAGG-1	18841
CGTAATGGTACCGTAA-1	8711
CGTAATGGTATACTGG-1	91641
CGTAATGGTATGGTGC-1	17438
CGTAATGGTCCTAGTT-1	15214
CGTAATGGTTCCGCAC-1	23057
CGTAATGGTTGCATCT-1	73127
CGTAATGGTTGCGTAA-1	3093
CGTACGGGTTATTGCC-1	14468
CGTACGGGTTGGCGTG-1	44424
CGTAGCGGTCGCAAAC-1	17669
CGTAGCGGTGATGAGG-1	19395
CGTAGCGGTTGTTGGA-1	29749
CGTAGTTAGGCGCTTA-1	14963
CGTAGTTAGGCTTAGT-1	2674
CGTATTGCAGATAGAC-1	14836
CGTCAATAGACTTACA-1	11068
CGTCAATAGCAAGGAC-1	14764
CGTCAATAGCTGGAAA-1	17029
CGTCAATAGTACTGGT-1	12397
CGTCAATAGTATGTGC-1	4592
CGTCATTGTAATAGCT-1	17830
CGTCATTGTCATGCCC-1	32448
CGTCATTGTTGAATCG-1	2756
CGTCCTAGTAAAGCGG-1	18080
CGTCCTAGTAATCGCA-1	12946
CGTCCTAGTAGGATCC-1	16297
CGTCCTAGTATTGGAT-1	93780
CGTGACATCTTTGAGA-1	27778
CGTGAGGAGCACTAGT-1	33978
CGTGAGGAGGCCCAGT-1	53555
CGTGAGGAGTTGCCTC-1	16395
CGTGCTGCAACCTAAT-1	20924
CGTGCTTTCGAGCTAT-1	21794
CGTGCTTTCTGGCAAT-1	5604
CGTGGTTCACTAGGTC-1	32696
CGTGTGTCAATTGACT-1	46241
CGTGTGTCATAGCGGA-1	17070
CGTGTTACAATGCCCG-1	13164
CGTGTTACACAATACT-1	18424
CGTTAAATCAGTGAAG-1	75755
CGTTAAATCATGGCTG-1	7291
CGTTAAATCGAGGTGG-1	15234
CGTTAAATCTCACTCA-1	39224
CGTTAACAGAATCGCT-1	47489
CGTTAACAGCTGGAAA-1	28360
CGTTAACAGCTGTCAG-1	59840
CGTTAACAGGCTGGCT-1	15360
CGTTAACAGTAACTCA-1	27355
CGTTAACAGTTCCTGC-1	16748
CGTTAGGTCACTTTAC-1	24274
CGTTAGGTCCCTGATC-1	19068
CGTTAGGTCGATAACC-1	86919
CGTTAGTAGAAGGTGC-1	18053
CGTTAGTAGCGGCTGT-1	46745
CGTTAGTAGCTACTGG-1	31222
CGTTATCGTAACGAGG-1	9250
CGTTATCGTTAGGATT-1	15570
CGTTATCGTTTATGGG-1	9860
CGTTGCAAGTGAGCGG-1	49200
CGTTGCGCACAATGTT-1	11875
CGTTGCGCACGAATCC-1	16092
CGTTTCTCACTTAACG-1	22472
CGTTTCTCAGGCCAAA-1	30552
CGTTTGGAGGCCAATT-1	17364
CGTTTGGAGTTTGCGG-1	17361
CTAAAGCTCATGCTCC-1	68796
CTAAAGCTCCGCAAAT-1	16228
CTAACCACACCACAAC-1	33104
CTAACCACAGGAATCG-1	38321
CTAACCTGTGCGCATG-1	30490
CTAAGGTTCCCTGGTT-1	19464
CTAAGGTTCGCAATCG-1	24254
CTAAGTCAGCTGGCTA-1	37643
CTAAGTCAGTTTCCTG-1	41655
CTAATAGTCCGTAAAC-1	14595
CTAATAGTCCTTCGTA-1	29504
CTAATAGTCTAAGTGC-1	25766
CTAATCTTCCTTAATC-1	15112
CTAATCTTCGGGATTT-1	5977
CTAATCTTCTAAGTCA-1	8768
CTAATGTCAGGACCTT-1	16358
CTAATTGAGATTGAGG-1	14228
CTAATTGAGTTCCTCA-1	21593
CTACAACAGCTTGCTC-1	41352
CTACAACAGGACAACA-1	13328
CTACAACAGTAGCGCC-1	25581
CTACAACAGTCACTAA-1	57503
CTACCGGCAATAATGG-1	8170
CTACCTCAGCTTGCTC-1	66030
CTACCTCAGGAACCAA-1	22073
CTACCTCAGTGAGAGC-1	39336
CTACGAAGTGGGTACT-1	29061
CTACTAAAGACAGGCG-1	28510
CTACTTAGTCATCCTG-1	20355
CTACTTAGTGTTTGAG-1	15274
CTAGATTCAGAGAGCC-1	9159
CTAGATTCAGCAAGTG-1	16480
CTAGATTCAGCTCATA-1	17506
CTAGCGGGTATCTGGA-1	22215
CTAGCGGGTTGGTTGA-1	10168
CTAGCTGAGGTGCGGA-1	48083
CTAGCTTGTTTAGCGA-1	30586
CTAGGCGGTGATGAGG-1	43805
CTAGGCGGTTTGGCGG-1	15761
CTAGTAATCCCTCTAA-1	20212
CTAGTAATCCTCCCTC-1	4065
CTAGTAGGTCCTTTAA-1	18570
CTAGTAGGTTATGTGG-1	21246
CTAGTCGAGCTGTACG-1	16486
CTAGTCGAGGGTGAAC-1	54988
CTAGTGAGTAAGCTCA-1	21188
CTAGTGAGTAAGTCGC-1	17457
CTAGTGAGTGCTAGAC-1	27377
CTAGTGAGTGTAACCA-1	19498
CTAGTGAGTTGCATCT-1	45889
CTATAACCAGCAACAG-1	27894
CTATAACCAGGAAGCC-1	59509
CTATGACAGGATTTGC-1	36263
CTATGACAGTAGCGCC-1	3949
CTATGAGGTGCACGCA-1	13346
CTATGATCACCCACCT-1	31099
CTATGGCCAAGCGATG-1	19019
CTATTCAGTGTTGTAG-1	52762
CTATTGAAGCATGCAT-1	29720
CTATTGAAGTTATTCC-1	18543
CTCAATAAGAGGGACT-1	17977
CTCAATAAGATGGACA-1	29132
CTCAATAAGCTTTGTT-1	9401
CTCAATAAGTAAGTCC-1	17215
CTCAATAAGTGGACAA-1	18023
CTCACAACACCGTTCC-1	22727
CTCACAACAGATAGAC-1	40181
CTCACACTCATGCCTC-1	2641
CTCACACTCCAGCACA-1	8842
CTCACACTCGCTAGAT-1	13315
CTCACACTCGTACCGA-1	17616
CTCACTCAGCTCAATA-1	19229
CTCACTCAGGCATGAA-1	21012
CTCACTCAGTCATTGA-1	7950
CTCAGGATCTAAGGAG-1	3813
CTCATCATCATTGACA-1	34980
CTCATCATCGGGATTT-1	39772
CTCATCATCGGTCAGC-1	13524
CTCATCATCGGTTCCT-1	35826
CTCATGACAAACCTTG-1	15727
CTCATGACATAGCTGC-1	15624
CTCATGCTCCGGCTAA-1	10883
CTCATGCTCGAGGAGT-1	9019
CTCATGCTCGTTACTT-1	48798
CTCATTAGTCGTAATG-1	5080
CTCATTGTCCAGCACA-1	12424
CTCATTGTCGAGGAAC-1	40287
CTCATTGTCTAGCTAA-1	25428
CTCATTGTCTCGACCT-1	14070
CTCATTTAGGATAAAC-1	25983
CTCATTTAGTTGGGCC-1	22996
CTCCAAACAGCTTACA-1	18535
CTCCAAACATTAGGTT-1	31415
CTCCAACTCCCGCAAA-1	38320
CTCCAACTCGGTTAGT-1	20758
CTCCATCAGCATTATG-1	8851
CTCCATCAGTTGCGTG-1	35417
CTCCCTGAGCGAGTAA-1	29006
CTCCCTGAGCTGCACA-1	7923
CTCCCTGAGTTGTCTT-1	13722
CTCCGTCCATGAATAG-1	3500
CTCCTAATCCCTTGCG-1	11924
CTCCTCACACGTAAGG-1	4821
CTCCTGAGTAGCCATA-1	6512
CTCCTGAGTCCACAAA-1	3171
CTCCTGAGTGCCGCAA-1	20038
CTCGACAAGGCAATAG-1	16775
CTCGCTAGTTACCGGG-1	15843
CTCGCTAGTTACGCAA-1	2874
CTCGTTATCATAACCA-1	21028
CTCGTTATCGCAGGCT-1	22861
CTCGTTATCGGTTTGG-1	15985
CTCTAAGCACCCACCT-1	26275
CTCTAAGCATCCATCT-1	33530
CTCTAGCTCATTACGA-1	53215
CTCTCACAGCTCGCTT-1	26750
CTCTGTTCAACCTAAT-1	11676
CTCTTGATCACGCGGT-1	18717
CTCTTGATCCTCACAC-1	20379
CTCTTGATCGGCCATA-1	12966
CTCTTGATCTCAATTC-1	15745
CTGAAACTCAAGTGTC-1	34828
CTGAAACTCGAAGTAG-1	18925
CTGAAACTCGCTTCTA-1	26585
CTGAATATCCACCTGT-1	15573
CTGAATATCGTCAAGT-1	8514
CTGACATAGATGGAGC-1	17841
CTGACATAGCAAGACA-1	25027
CTGACATAGCGGATTT-1	38331
CTGACATAGTCATTAG-1	14009
CTGACATAGTTAGAGG-1	18119
CTGACCAAGCATGTCG-1	16823
CTGATCACATTGCGGT-1	28061
CTGCTACTCAGGGCCT-1	16559
CTGCTACTCATAACGC-1	25343
CTGCTACTCATTGTTC-1	21434
CTGCTATGTGTTAGCA-1	7889
CTGCTATGTTCGCGCT-1	29864
CTGCTATGTTTGTCTA-1	11997
CTGCTCCCAGCCAGAA-1	21709
CTGGACCAGAATCGCT-1	20840
CTGGACCAGCCAAATC-1	20990
CTGGACCAGCGGATTT-1	20235
CTGGACCAGTTAGCTA-1	28025
CTGGATGTCAATAGCC-1	20450
CTGGATGTCTTAGTGA-1	13648
CTGGCTAAGCGATAAG-1	20764
CTGGTAAGTTTGGTTC-1	15026
CTGGTCAAGGCTAATC-1	49461
CTGGTCAAGTGTTGTA-1	10193
CTGGTTACAAACTAAG-1	16064
CTGGTTACATTAGGTT-1	27898
CTGGTTTGTCATCAAG-1	40444
CTGTAACAGAGGAGTC-1	14143
CTGTAACAGTGATTCA-1	24529
CTGTACCTCAAGACTC-1	6676
CTGTACCTCATTGTCT-1	30883
CTGTATTTCCTTCGTA-1	20837
CTGTGTGAGGACCGCT-1	27935
CTGTTAAAGACAACGA-1	16801
CTGTTAAAGCAAGACA-1	18194
CTGTTAAAGGAGGTTA-1	19425
CTGTTAAAGGTAGCTT-1	26347
CTGTTAAAGTTATGTG-1	25127
CTGTTCATCATTGTTC-1	15058
CTGTTGGAGCACAGCC-1	47728
CTGTTGGAGTGAGAGC-1	36770
CTGTTTAGTAGCTGCG-1	74565
CTGTTTAGTGATGAAA-1	17204
CTGTTTAGTTTAGTCC-1	14152
CTTAACAAGGTTACGT-1	64939
CTTAAGATCAAGCTAC-1	18685
CTTAAGATCATTGTTC-1	15960
CTTAAGATCCAAGTGT-1	22990
CTTAAGATCCTAAGTA-1	16763
CTTAAGGGTAAATTGC-1	18613
CTTAAGGGTAGCTGGT-1	23157
CTTAAGGGTATTTGGG-1	10623
CTTAAGGGTTAGACCA-1	24135
CTTAAGGGTTGCTGGG-1	20348
CTTAATGAGGCTCATG-1	8641
CTTACCGGTTACTTGC-1	65302
CTTACCTCAACCTGGT-1	88753
CTTACTAGTCAAGTGC-1	21897
CTTACTAGTTCAAGCA-1	26954
CTTACTAGTTCCGGGA-1	16494
CTTACTAGTTTGTCTA-1	21954
CTTAGTTTCCTAATGA-1	17216
CTTAGTTTCGCACAAT-1	17063
CTTAGTTTCGGGATTT-1	19771
CTTAGTTTCTTGTTCG-1	23544
CTTATGTTCGAGGTGG-1	27429
CTTATGTTCTAAGGTC-1	15831
CTTATTGGTACCGTTT-1	32765
CTTATTGGTCAATGTG-1	3063
CTTATTGGTTAGGACC-1	21482
CTTCAATTCCCTCAGT-1	16378
CTTCAATTCTTAGGAC-1	17294
CTTCACTCAGGAACTG-1	14858
CTTCACTCATCGCTCC-1	16371
CTTCAGGAGCTAAAGG-1	17271
CTTCAGGAGCTCATAA-1	51767
CTTCAGGAGTCACGAT-1	20251
CTTCATCCAGAAACGT-1	19644
CTTCATCCATAAAGCA-1	27043
CTTCGCGTCTAGCTAA-1	28080
CTTCGCGTCTTTGACT-1	18715
CTTCTAAGTTAGCATG-1	9213
CTTCTAAGTTGTGACA-1	21337
CTTCTAAGTTTGCAGA-1	25940
CTTCTAAGTTTGGCGG-1	9404
CTTCTCAAGAGGAAGG-1	19791
CTTCTCAAGCCGCTAA-1	16888
CTTGAACAGGAACCAA-1	14639
CTTGAACAGGGCCACT-1	41794
CTTGAACAGGTGTCCA-1	34024
CTTGAACAGTAAGAAC-1	15188
CTTGAACAGTCCTTTG-1	2861
CTTGAATCACATAGCC-1	25422
CTTGACGAGGCCAATT-1	13840
CTTGACGAGGGCCACT-1	52577
CTTGCAACATCTAGCA-1	26454
CTTGCATGTGAAGCCT-1	24655
CTTGCATGTTGAAGCC-1	15788
CTTGCGCGTACCAGGT-1	18805
CTTGCTCAGTAGGCGG-1	50712
CTTGGACCAATGCCCG-1	17734
CTTGGACCACCCACCT-1	25496
CTTGGACCAGCCAGTT-1	40305
CTTGGACCATCCCGCT-1	14757
CTTGTAAAGAGGAGTC-1	52660
CTTGTCCAGAGCCGCT-1	10177
CTTGTCCAGGACACTT-1	38960
CTTGTCCAGGGTGAGT-1	10308
CTTGTTCCAGTAAAGC-1	13757
CTTGTTCCATTCCTCG-1	18480
CTTGTTTAGAATCGCT-1	5184
CTTTAGGCAAACCCTA-1	47201
CTTTAGGCACTATGGC-1	14745
CTTTAGGCATGAGTTT-1	24444
CTTTAGTTCATGTCAA-1	44853
CTTTAGTTCATTAGTG-1	11644
CTTTAGTTCGGTCAGC-1	29270
CTTTATCAGGCGCATC-1	4710
CTTTATCAGTCCTTCA-1	6307
CTTTATGGTCAGGCAT-1	12907
CTTTATGGTGTCCTGC-1	17638
CTTTCTTGTGATCATG-1	11518
CTTTCTTGTGGCTTCC-1	38209
CTTTCTTGTTACCTGT-1	14121
CTTTGAGCAAAGCGGC-1	28205
CTTTGAGCAAGATTCT-1	15954
CTTTGAGCAGTTAGCC-1	10599
CTTTGGGAGTCAGGCC-1	16593
CTTTGGTGTCAATGTG-1	3396
CTTTGGTGTTTAACCC-1	13387
CTTTGGTGTTTGACCT-1	43305
CTTTGTCCACCGTTCC-1	19627
GAAACCCGTGCACGCA-1	15588
GAAACCCGTTGCATCT-1	3144
GAAACTGAGCGTGCGT-1	32647
GAAACTGAGGTAAGGC-1	26703
GAAACTGAGTAACGGA-1	10283
GAAACTGAGTTGTCAA-1	30411
GAAAGCCAGGCGGATG-1	18808
GAAAGGCTCGCTAAGT-1	19544
GAAAGGCTCTTGGATA-1	8827
GAACACAAGGAGGCAT-1	33112
GAACCAGCAGGCTAAG-1	33478
GAACCGCTCAGGATGA-1	8681
GAACCGCTCGGCCATA-1	9620
GAACCGCTCGTTAAGC-1	23113
GAACCGCTCTAGCTTT-1	10060
GAACCTTAGCTAATTG-1	16713
GAACTTATCCTACCTA-1	24507
GAACTTATCTAAGTCA-1	55852
GAAGCCTGTTGGCGTG-1	14920
GAAGCTAAGATTGAGG-1	49247
GAAGCTAAGGCCTTAG-1	14893
GAAGCTAAGTGTTGCG-1	22870
GAAGGAACAATATAGG-1	7506
GAAGGAACAATTTAGC-1	35429
GAAGGAACACTGACTA-1	16834
GAAGGATGTCCTCCAA-1	16073
GAAGGATGTGACCTGG-1	20417
GAAGGATGTGCTTAGA-1	38381
GAAGGATGTGGATTCA-1	26878
GAAGGATGTTTGCGCC-1	61155
GAAGGATGTTTGCTGT-1	13224
GAAGGCCCACTATGGC-1	15252
GAAGGCCCACTTAACG-1	64271
GAAGGCCCATTTGCTC-1	48156
GAAGGCTAGAACCTAC-1	3990
GAAGGCTAGCCTGACA-1	20010
GAAGGCTAGGGACGCA-1	28431
GAAGGCTAGTAACCCG-1	20761
GAAGTAAGTGAGGTAG-1	3296
GAAGTATAGAGCCGGA-1	17682
GAAGTATAGCTGGCTA-1	24758
GAAGTATAGTACCGCA-1	20249
GAAGTCAAGCAAGGGT-1	24950
GAAGTCAAGGAATAAC-1	18582
GACAATACAGCAGGTA-1	28153
GACAATACATTGTGTG-1	14259
GACACCGGTTGTCATC-1	32715
GACATAGAGCTTATGA-1	17509
GACATAGAGGAGTCTT-1	29305
GACATAGAGGCTAGAA-1	16699
GACATAGAGGCTGTGC-1	16109
GACATTATCGATCAGT-1	5113
GACCGAACAAGCGAGC-1	19348
GACCGAACAAGCGATG-1	20315
GACCGAACAATATAGG-1	13817
GACCGAACACGGTACT-1	45148
GACCGAACACTGACCG-1	33080
GACCGAACATCCCTCA-1	15331
GACCGAACATTGACAT-1	74817
GACCGAACATTGTGCA-1	16316
GACCGTTCAATTAGCT-1	30869
GACCTAGTCATTAGGC-1	18313
GACCTAGTCCCTGTTA-1	28651
GACCTAGTCCTAACGG-1	13335
GACCTCAAGCACAGCC-1	37543
GACCTCAAGCCTGTTC-1	13252
GACCTCAAGGACACTT-1	77641
GACCTGATCACTCAAA-1	17794
GACCTGATCATAGCCG-1	15205
GACCTGATCATTACAG-1	9927
GACCTGATCCACCTGT-1	71197
GACCTGATCCCGAACA-1	36196
GACCTGATCCCTCACG-1	25268
GACCTGATCCCTGGAA-1	47576
GACCTGCAGAATCTCA-1	15540
GACCTGCAGAGAGGAG-1	57885
GACCTGCAGCGATACT-1	17535
GACCTTTGTTAATGCG-1	19673
GACGCAACAAACAACA-1	15311
GACGCAACACAATGTT-1	27265
GACGCCTAGCGCCTTT-1	13924
GACGCCTAGTTTGAGC-1	29852
GACGTAAAGGCAACAA-1	25761
GACGTAAAGGCCGGAA-1	13714
GACTAATGTAATCCCT-1	22621
GACTAATGTTTGGCTT-1	20883
GACTATTCAAGCGAGC-1	25328
GACTATTCAATGAATG-1	28218
GACTATTCACTTACAG-1	22331
GACTATTCAGATAGAC-1	24539
GACTCACCAAGGTGCA-1	32816
GACTTAGGTTTGAGGC-1	19200
GACTTGGTCTTTAAGG-1	42353
GAGAAACGTCACTCGC-1	10883
GAGAAACGTGATCAGC-1	18056
GAGAACCAGAGGAGTC-1	14553
GAGAACCAGTTGGATC-1	3248
GAGATAAGTACTGAAT-1	15420
GAGCAAATCCTAACGG-1	11516
GAGCATGCAAGGTCCT-1	32159
GAGCATGCAGGCCTTG-1	15478
GAGCATGCATTATGAC-1	27641
GAGCCTTCAGTGAACG-1	10948
GAGCGAAGTCGCATAA-1	4993
GAGCGAAGTTACCTGT-1	6812
GAGCGATAGCATGTCG-1	19795
GAGCGATAGCCTGATG-1	18298
GAGCGATAGGACCTCA-1	60715
GAGCGATAGGACCTTG-1	47154
GAGCGATAGGTTTACA-1	32794
GAGCGATAGTAACGGA-1	15014
GAGCTAGCAATATACC-1	5185
GAGCTAGCAATTAAGG-1	20926
GAGCTAGCAGTTTGGC-1	13160
GAGCTGCTCGTTATCT-1	47206
GAGCTGCTCTGGCTTC-1	7490
GAGCTTAGTGTCACGG-1	48486
GAGCTTAGTTTACGTC-1	21511
GAGCTTAGTTTAGTCC-1	3360
GAGCTTAGTTTGTGGA-1	27840
GAGCTTGTCATGGTGT-1	32979
GAGGACTAGCACTAGT-1	32824
GAGGACTAGGTGCGGA-1	5363
GAGGACTAGTATTGCA-1	35486
GAGGCAAGTGTTTGTC-1	40441
GAGGCAAGTTAGGCGT-1	22890
GAGGCAAGTTTAACGG-1	14321
GAGGCCTTCAAACACC-1	8234
GAGGCCTTCAGGAACA-1	28659
GAGGCCTTCATGACCG-1	23378
GAGGCCTTCTCCTCTT-1	13127
GAGGCTTGTATGGTGC-1	32902
GAGGCTTGTGCATTTC-1	28489
GAGGTACAGAATGACG-1	6029
GAGGTACAGGCTACAT-1	42617
GAGGTACAGGTGCTGC-1	20080
GAGGTGAGTAACCAGC-1	4803
GAGGTTAAGCATGGTT-1	18496
GAGGTTAAGCGGATTT-1	16822
GAGGTTAAGGACACTT-1	34456
GAGTAACCAACACTTG-1	25828
GAGTAACCAGCAGGTA-1	26484
GAGTAACCAGGGAGCT-1	44365
GAGTAATAGACAGGTA-1	4969
GAGTATCTCCAACTGG-1	44303
GAGTATCTCCATTACT-1	20283
GAGTATCTCGGCCATA-1	5329
GAGTCAAAGATGGACA-1	22460
GAGTCAAAGGATTTGC-1	6942
GAGTCAAAGTTTGCGG-1	21393
GAGTCATTCAGCCAAT-1	49777
GAGTCATTCCCGCATT-1	12827
GAGTCATTCTGGCAAT-1	18357
GAGTGAGGTAGTCAAT-1	4008
GAGTGAGGTGGTTCTT-1	14264
GAGTGAGGTTTACGTC-1	21022
GAGTGATCAAGTGTCC-1	2969
GAGTGATCACTCAACA-1	17336
GAGTGTTTCCCGTTTA-1	44913
GAGTGTTTCCCTCACG-1	17971
GAGTGTTTCCGCAAAT-1	29457
GAGTGTTTCTCATCAT-1	18089
GAGTTACTCATCCTCA-1	16291
GAGTTACTCTATCGCC-1	19376
GAGTTGCGTTGGATCA-1	13898
GATAACGAGTCCTTTG-1	5606
GATAAGCCAACTAACT-1	21308
GATAAGCCACAATTAC-1	28499
GATAAGCCACAGGAAT-1	5249
GATAATCGTATTGCAG-1	24793
GATAATCGTGAATCGC-1	27254
GATCAAGAGCCGCTAA-1	17941
GATCAAGAGGCAAGTA-1	23240
GATCAAGAGGCTATGT-1	2997
GATCAAGAGGTTTGAC-1	17945
GATCACTAGCACAGCC-1	13497
GATCACTAGCATCCAG-1	47587
GATCACTAGCGCCTTT-1	41364
GATCACTAGGGTTAGA-1	18651
GATCACTAGGTCCACA-1	26487
GATCACTAGTTGGATC-1	5919
GATCAGTTCACGCATG-1	21922
GATCAGTTCATCCACC-1	14911
GATCAGTTCGGTACGC-1	14373
GATCCGTCATAGCGGA-1	15754
GATCCGTCATTAGCGC-1	32198
GATCCGTCATTCCTCG-1	16177
GATCGAGCAAACATAG-1	37052
GATCGCTCATCTTGAG-1	12943
GATGACTTCATGTGGT-1	11145
GATGACTTCTAATCTC-1	16283
GATGAGGGTGCAACTA-1	26765
GATGCAGCAATTAGCT-1	33577
GATGCGACAGCATGGA-1	4883
GATGCTTAGCACAGGG-1	17866
GATGCTTAGGCCAATT-1	18812
GATGCTTAGGTGCTGC-1	23246
GATGGCTGTACCGGAT-1	26006
GATGGCTGTCGCAAAC-1	23457
GATTAAGCATCCCGCT-1	15584
GATTACGGTAATCCCT-1	4132
GATTACGGTAGACAAA-1	15321
GATTACGGTGCTGGTG-1	42519
GATTACGGTTTCGCCA-1	8056
GATTACTCATGTTTGG-1	33657
GATTAGCTCAGTGAAG-1	16882
GATTAGCTCCTGGTCT-1	16462
GATTAGTGTTAAGTGT-1	43620
GATTAGTGTTGACTTC-1	14361
GATTATGTCCGCACAA-1	25608
GATTATGTCTTGTTCG-1	75214
GATTCAATCAATTGGC-1	13504
GATTCAGGTGCTTTAC-1	75824
GATTCAGGTTCCGGGA-1	17944
GATTCAGGTTCGCTTG-1	15111
GATTCATCACAACAGG-1	20903
GATTCATCACTATGGC-1	26784
GATTCATCAGCAATAA-1	14047
GATTCCTGTAATAACC-1	7539
GATTCCTGTGCTTAGA-1	4940
GATTCCTGTTAAGGTT-1	2856
GATTCCTGTTGTGACA-1	11432
GATTCGCCAACCTAAT-1	20682
GATTCGCCAGCTCAAC-1	20917
GATTGATGTCTAACCT-1	16076
GATTGATGTGCGCATG-1	16582
GATTGATGTTGTGATG-1	11129
GATTGCAGTAAAGCGG-1	25195
GATTGCGTCAATTGGC-1	44997
GATTGCGTCCTAATGA-1	19919
GATTGGCGTTTGGGCG-1	44503
GATTGGTTCCCTCGCA-1	59157
GATTGGTTCCCTGATC-1	13477
GATTGGTTCCGCCTCA-1	59727
GATTGGTTCGTACCGA-1	2682
GATTGTTCACTAGCGT-1	15857
GATTTGCAGGACCTTG-1	23704
GCAAACAAGTAACGAG-1	27732
GCAAACCGTGAAACAA-1	18521
GCAAACTTCGATTATG-1	20179
GCAACAGCAATTGAAG-1	16156
GCAACAGCATCCAGGT-1	8814
GCAAGCCTCACCTGTC-1	8234
GCAAGCCTCACGTTAA-1	17867
GCAAGTCGTCGACTAA-1	43695
GCAAGTCGTGAAACAA-1	60133
GCAATAGAGCTGAGGG-1	20834
GCAATAGAGGAGCATA-1	19586
GCAATAGAGTCCTTTG-1	6788
GCAATATGTAAGCACC-1	7963
GCAATATGTTACATCC-1	10886
GCAATCTAGCAACATC-1	16301
GCAATCTAGCCTCTGT-1	13225
GCAATCTAGTAGCTTA-1	33637
GCAATCTAGTGAGCAA-1	25448
GCAATCTAGTTCCTCA-1	101107
GCAATGAAGCAAGATG-1	22338
GCAATGAAGGTCCTGA-1	40542
GCAATGAAGGTTTGAC-1	22789
GCAATGAAGTTTGGTA-1	29095
GCAATGTTCAGGATGA-1	43431
GCAATGTTCATTTGTC-1	46422
GCAATGTTCGTTAAGC-1	20136
GCAATGTTCTACCTAT-1	4295
GCACATTAGATGCCTG-1	32369
GCACATTAGCGTGCGT-1	29830
GCACCTAAGCCGCTTT-1	14974
GCACCTAAGCTACTGG-1	22891
GCACCTAAGGTAACGA-1	61979
GCACGAACAAATTCGT-1	44197
GCACGAACAAGGGTTG-1	18821
GCACGAACATACTCCT-1	5857
GCACGCTAGTCACCTC-1	7680
GCACGGTTCGAAGTAG-1	82830
GCACTTACAAAGCGGC-1	37522
GCACTTACAATCCTGA-1	18325
GCAGCAACAATTAGCT-1	20429
GCAGCAACAGGATAAC-1	5455
GCAGCCAGTGATGAAA-1	15832
GCAGCCAGTTCCTGAT-1	13151
GCAGCTATCCGGTTGA-1	17964
GCAGGATAGATTGAGG-1	28601
GCAGGATAGTAACCAC-1	17561
GCAGGATAGTTTGGTA-1	20176
GCAGGCAAGCATGGTT-1	24413
GCAGGCAAGCCGCTTT-1	5586
GCAGGCAAGTCTGGGC-1	9327
GCAGGCAAGTGAGGGT-1	27757
GCAGGCTTCATGCTAA-1	19756
GCAGGCTTCATGTGGT-1	37269
GCAGGCTTCGAAGCGG-1	3326
GCAGGTTGTGCTCCAC-1	19541
GCATATATCCGCCAAA-1	44350
GCATCCTTCCAAACAC-1	20588
GCATCCTTCCATCAGG-1	20922
GCATCCTTCGGTTTGG-1	25740
GCATCCTTCTTAAGTG-1	49659
GCATGAAAGCTTTGGG-1	24499
GCATGAAAGTCTCACC-1	43155
GCATGAGCAATGCGCT-1	25930
GCATTAGGTCGCGCAA-1	20655
GCATTAGGTGGTTATG-1	21027
GCATTGCCAGTTAAAG-1	19467
GCCAACATCCGGGACT-1	14958
GCCAACATCGCCTAAG-1	14213
GCCAATAGTAATCCCT-1	16026
GCCAATAGTTTAACCC-1	16771
GCCAATTAGCATGGTT-1	15855
GCCACAATCCTTGCAC-1	17728
GCCACAATCGACAAAG-1	13683
GCCACAATCGTTTCTG-1	2890
GCCACAATCTGCAAAC-1	23447
GCCACACAGGCTTAAC-1	6726
GCCAGGAAGGACAATG-1	54352
GCCAGGAAGGCAATAG-1	5352
GCCAGGTTCCTCCTAA-1	19834
GCCATGATCGATAACC-1	18211
GCCATGATCGGTAACT-1	87661
GCCATGATCTCCATGC-1	33013
GCCATTACAAAGCTAA-1	12386
GCCATTACAACTAGAA-1	21342
GCCATTACATGTTGTG-1	11168
GCCCAAATCCCGTTAC-1	30653
GCCCAAATCGCTTCTA-1	8556
GCCCATAAGCGGATAA-1	17165
GCCCGTTGTCCTTTAA-1	53806
GCCCGTTGTGAGAAAC-1	8287
GCCCGTTGTTTAAAGC-1	28131
GCCCTCATCATTATGG-1	4251
GCCCTCATCATTGCGG-1	14470
GCCGTGAGTAACGAGG-1	3392
GCCGTGAGTAATCACG-1	14438
GCCGTGAGTACCCACC-1	4098
GCCGTGAGTGCCTCAC-1	7300
GCCGTGAGTGCTTAGA-1	5567
GCCTAATAGCCAGTAT-1	23781
GCCTAATAGCCGGTAC-1	16633
GCCTAATAGGTAAGCA-1	15240
GCCTACTTCATAGACC-1	40778
GCCTACTTCCAGCACA-1	30466
GCCTATTGTAGCCATA-1	17411
GCCTCAAAGCTATTAG-1	10679
GCCTCAAAGGCGCTAC-1	28051
GCCTCAAAGGTCCTAG-1	42550
GCCTCAAAGTCCTTCA-1	21245
GCCTCCATCCCGAACA-1	8154
GCCTCCATCCGCACAA-1	21713
GCCTCCATCTAATCCT-1	8691
GCCTCGACACAAAGAC-1	32882
GCCTCGACACCTCGCT-1	16375
GCCTCGACAGCCGCTA-1	18942
GCCTCGACAGTCTATG-1	34607
GCCTGACAGCAAGGAC-1	41353
GCCTGACAGCGGCTGT-1	16568
GCCTGACAGGATTGCT-1	11373
GCCTGCTGTCAGGAAG-1	28901
GCCTGCTGTCTAGCTT-1	2951
GCCTGCTGTTTGGGTA-1	20157
GCCTGTGCAGGATTAA-1	7724
GCCTGTGCATAAGCAA-1	48386
GCCTTACTCACACAGT-1	22269
GCCTTACTCACTTTAC-1	18968
GCCTTAGAGCAGGTGG-1	28529
GCCTTAGAGTAAAGGT-1	17000
GCCTTAGAGTGATTCA-1	21165
GCCTTGCGTATTTGGG-1	10385
GCCTTGCGTCATCAAG-1	12857
GCCTTGCGTTAGAGCC-1	8521
GCCTTTGGTCCTAACT-1	86475
GCCTTTGGTCGTAATG-1	5344
GCCTTTGGTTAGAGCC-1	28455
GCCTTTGGTTAGCCAA-1	12152
GCGAAGCCATAACGGG-1	18703
GCGATATTCCGTTAAA-1	17743
GCGATATTCTCCATAT-1	23047
GCGATATTCTGTTCAT-1	15057
GCGATTAGTTGGCCGA-1	12725
GCGATTAGTTTACTTG-1	30569
GCGATTTAGAGCCGCT-1	41793
GCGCAAACAGGCCAAA-1	35082
GCGCAAACAGTAGGAT-1	21536
GCGCAAACAGTCTAAT-1	30646
GCGCAAACAGTGAACG-1	15199
GCGCAATGTCCAAGAC-1	27629
GCGCAATGTTAGCATG-1	5210
GCGCCTTGTCTTTGAC-1	31693
GCGCCTTGTTTCCACG-1	3187
GCGCGATTCCGTTAAA-1	27651
GCGCGATTCCTTGTTG-1	12762
GCGCGATTCTGGTCCT-1	40063
GCGCTAGGTCCGGTTC-1	20864
GCGCTAGGTTCAAGAT-1	20593
GCGCTTAAGGAGGGTT-1	45843
GCGCTTGCAAGGGTTG-1	71487
GCGCTTGCACTCAACA-1	24538
GCGCTTGCATGAGTTT-1	34214
GCGGAACCAAGGATTA-1	36854
GCGGATACAATTTAGC-1	31375
GCGGATACAGTAAAGC-1	27708
GCGGATACATCCAGGT-1	37829
GCGGATACATGAATCT-1	20729
GCGGGTTTCACCGGTA-1	66727
GCGGGTTTCATTTGCT-1	20006
GCGGGTTTCCCATAGG-1	31296
GCGGGTTTCGTTAGTA-1	37421
GCGGTTATCCTAGTCC-1	25187
GCGGTTATCGCAGGCT-1	11871
GCGGTTGGTACCGTAA-1	4275
GCGGTTGGTCATTACC-1	23493
GCGGTTGGTGTAACCA-1	37842
GCGGTTGGTGTCACGG-1	23996
GCGTAACGTATTCGCT-1	21853
GCGTAACGTCCTTCTC-1	10343
GCGTTTCTCAACAAGG-1	39508
GCGTTTCTCTAGCTAA-1	24449
GCGTTTCTCTTAGTGA-1	9933
GCTAACAGTCTATCGT-1	26837
GCTAACAGTGATTACG-1	11750
GCTAACCCATTGTCAG-1	30147
GCTAAGAAGGCTGTCA-1	42456
GCTAAGAAGTCACGAT-1	4158
GCTAAGCGTTACTAGG-1	9634
GCTAAGTTCGTTAACA-1	29370
GCTAAGTTCTGGTCCT-1	4152
GCTAGCCAGCTACTGG-1	21730
GCTAGCCAGGACCTCA-1	16820
GCTAGCCAGGCTATGT-1	20621
GCTAGCGGTCTTGCAT-1	14461
GCTAGCTCATAATGAG-1	6739
GCTAGCTCATTAGCCA-1	23211
GCTAGTGTCAGCAAGA-1	45006
GCTAGTGTCGGCCAGT-1	17519
GCTATAGGTCCTAACT-1	40756
GCTATTGCACCTAAGC-1	20751
GCTATTGCACGAATCC-1	71466
GCTATTGCAGCTCAAC-1	15852
GCTATTGCATACTCCT-1	5498
GCTCATTGTGATTTGG-1	54883
GCTCCTTAGAGGCTAA-1	42419
GCTCCTTAGGTTTGCG-1	13513
GCTCTGGCAGGAACCA-1	21319
GCTCTGTTCAAGTGAG-1	20777
GCTCTGTTCATCAGTA-1	21101
GCTCTGTTCGATTTAG-1	63143
GCTCTGTTCTGTTCAT-1	19729
GCTGACATCACTTTAC-1	13923
GCTGACATCCAGGAAA-1	9519
GCTGACATCCCTCAGT-1	10553
GCTGACATCGAGCTAT-1	37775
GCTGACATCTGTTGCC-1	20571
GCTGATCCAACTAACT-1	72048
GCTGATCCATAAACCT-1	98434
GCTGATCCATAGTCAT-1	24981
GCTGATCCATTGTCCT-1	52461
GCTGCAATCCTTGTTG-1	16451
GCTGCAATCGATTATG-1	24335
GCTGCAATCTGTAAGC-1	21208
GCTGCACAGCCGCTTT-1	2991
GCTGCATCACAATTAC-1	15429
GCTGCATCACCAGGTT-1	24706
GCTGCATCAGTAAGTA-1	19455
GCTGGATGTATGGTGC-1	24936
GCTGGATGTCAGTAAT-1	18819
GCTGGATGTTCGGGAT-1	4797
GCTGGTTCAGGCGATA-1	40305
GCTGGTTCAGTAGGAT-1	15601
GCTGTAAGTTGCGTAA-1	2795
GCTGTACCAAGTCGCT-1	26829
GCTGTACCAGGTATTT-1	46833
GCTGTGATCCGGGACT-1	35845
GCTGTGATCTCACATT-1	29550
GCTGTGCAGAGAGCCG-1	22849
GCTGTGCAGCAAACCT-1	37894
GCTTAAATCCTACCTA-1	15817
GCTTAAATCTTTAAGG-1	18558
GCTTAACAGATTCCTT-1	7177
GCTTAACAGCTTGCTC-1	15287
GCTTACCTCAACAAGG-1	23115
GCTTACCTCATGGTTA-1	50871
GCTTACCTCGGTTTCC-1	14892
GCTTACCTCTGGCAAT-1	10331
GCTTAGTAGGCCTGGT-1	25443
GCTTCGCGTCCGTGAG-1	11863
GCTTGACCAAACTGTT-1	54211
GCTTGACCACGAACAG-1	16727
GCTTGACCAGCAAGAT-1	22733
GCTTGTTGTTGCCTCA-1	11817
GCTTTACGTAACCACA-1	12929
GCTTTACGTCCACAAA-1	5637
GCTTTATTCAGCCAAT-1	16756
GCTTTCATCACCATTT-1	7780
GCTTTCATCAGTTCCC-1	13909
GCTTTCATCCAGCACA-1	8048
GCTTTGTGTATGGTGC-1	20813
GCTTTGTGTCATTGTC-1	30768
GCTTTGTGTTAACGAT-1	18005
GGAAACTCAAGGTCCT-1	26155
GGAAACTCAATATAGG-1	23150
GGAACAATCCTAATTC-1	18804
GGAACAATCTTGATGA-1	10318
GGAACCACAAGGATTA-1	31300
GGAACCACAGTTATCG-1	54708
GGAACCTGTGCACGCA-1	23239
GGAACCTGTTAGAGGG-1	25009
GGAACGGTCCGGTTAG-1	39372
GGAACGGTCGTTACTT-1	17613
GGAACGGTCTCAATTC-1	4235
GGAACGGTCTTTGAGA-1	18635
GGAACTAAGGATCACT-1	6619
GGAAGCTAGCCGCTAA-1	23818
GGAAGCTAGGGTGGAT-1	26063
GGAAGCTAGTCATTAG-1	26962
GGAAGTATCATGCTTT-1	18854
GGAAGTATCGAAGCGG-1	6538
GGACAGCCAGCCAGAA-1	20485
GGACAGCCATATTGAC-1	19357
GGACATAAGGTAAGGC-1	16060
GGACCGAAGCATGGTT-1	28521
GGACCGAAGGAGGCAT-1	22652
GGACCGAAGGAGTCTT-1	34217
GGACCGAAGGTCGAGG-1	16912
GGACCTCAGAAGGTGC-1	40893
GGACCTCAGGAACGGT-1	56330
GGACCTCAGGCGAATA-1	92460
GGACGAAGTTGCTGGG-1	55727
GGACGAAGTTTGGCTT-1	17830
GGACTAAAGAAGGTGC-1	15569
GGACTAAAGTCATGCG-1	40790
GGAGCAAGTTGTCATC-1	52638
GGAGCATAGCAGGTGG-1	21233
GGAGCATAGCATCCAG-1	46048
GGAGCATAGGTATTGC-1	5301
GGAGCGATCAAACCGT-1	13523
GGAGCGATCCACCTGT-1	19394
GGAGCGATCTTAGTCT-1	60739
GGAGGTTAGCTCCTAC-1	52572
GGAGGTTAGGACCTCA-1	7485
GGAGGTTAGGAGTAAT-1	3406
GGAGGTTAGTCCTTCA-1	37448
GGAGGTTAGTCTGGGC-1	8504
GGAGTCTGTCCTAGTT-1	13833
GGAGTCTGTGCATCGG-1	14163
GGAGTCTGTGTTTGCT-1	20171
GGAGTCTGTTGTTGTC-1	35421
GGAGTCTGTTTATGGG-1	17798
GGATAACCAATAACGA-1	13226
GGATAACCAATAGCAA-1	8585
GGATAACCAATATAGG-1	52013
GGATACTTCGCACACA-1	22384
GGATATTGTAATGGAA-1	17476
GGATATTGTAATTAGC-1	13284
GGATATTGTCCTAAGA-1	23072
GGATATTGTGTCCAAA-1	27005
GGATGAATCATCAGTA-1	19407
GGATGAATCCTAAATG-1	14676
GGATGGCCACGCAACT-1	12628
GGATGTAAGGAACCAA-1	40445
GGATTATGTACCGTTT-1	6996
GGATTATGTATGGTGC-1	23598
GGATTATGTGACATGC-1	23490
GGATTATGTTAGGCTA-1	34812
GGATTCAGTAACTACG-1	29611
GGATTCAGTAATCACG-1	8670
GGATTCAGTCGCGCAA-1	16712
GGATTCAGTTACGCAA-1	21165
GGATTGCGTAGCCTCC-1	16311
GGATTGCGTGTTAAAC-1	29069
GGATTGCGTTACTAGG-1	3776
GGATTGCGTTAGTACG-1	8475
GGATTGCGTTGGTGAC-1	25299
GGATTTATCGCTCCAT-1	15969
GGCAAATCAAACTCAT-1	17820
GGCAAATCATGCTATG-1	26625
GGCAAGCCAGAGGGAG-1	15469
GGCAAGCCATCCTGAA-1	15773
GGCAATCGTCCTTCAG-1	19369
GGCAATCGTGCTGTAA-1	26368
GGCAATCGTGTGAGAG-1	20741
GGCATGGAGAATCGCT-1	9642
GGCATGGAGACACCGC-1	13066
GGCATGGAGGAGGCAT-1	26457
GGCATTAGTAAGCACC-1	97477
GGCATTAGTCATTGAG-1	25841
GGCATTAGTTAACACG-1	24383
GGCATTAGTTTGAGGC-1	25227
GGCATTGTCAGCACGC-1	11753
GGCATTGTCGACAAAG-1	57161
GGCCAACTCACATTGA-1	20452
GGCCAACTCCCTCTAA-1	28869
GGCCGTTAGCAAGGAC-1	16856
GGCCGTTAGCACAGCC-1	28620
GGCCTAATCCTAAGAC-1	74497
GGCCTAATCTGTGCCT-1	20587
GGCCTTAAGCTGGACC-1	15639
GGCCTTAAGTGAACGA-1	34833
GGCGGTAAGCCTGTTC-1	25992
GGCGGTAAGCTATTAG-1	54757
GGCGGTAAGCTCCTTA-1	35095
GGCGGTTTCAGCTAAC-1	31037
GGCGGTTTCCTTTACG-1	44146
GGCGTTATCCTGGTCT-1	26848
GGCTAGACACGTAATT-1	66192
GGCTAGACAGGACCAA-1	20838
GGCTAGACATTGTTGG-1	22647
GGCTAGTGTAATGGCC-1	18514
GGCTAGTGTTACTTCA-1	27983
GGCTAGTGTTGGCGTG-1	16256
GGCTATGTCATCCTCA-1	19713
GGCTATGTCGTGCTAG-1	13906
GGCTATGTCTGTGCAG-1	21001
GGCTCAATCACCAATA-1	23739
GGCTCAATCCTAAATG-1	68066
GGCTCACAGGACTAAG-1	3184
GGCTCACAGTATTGGC-1	11429
GGCTGAGAGCGCATTG-1	13008
GGCTGAGAGTAGCGGG-1	15686
GGCTGGTTCAAGCTAC-1	29012
GGCTGTCAGTTAGTGC-1	12670
GGCTTAAGTGCGCGTA-1	21737
GGCTTAAGTTGTAACG-1	8023
GGCTTCAAGCGATAGA-1	12472
GGCTTCAAGGTCCGTA-1	51304
GGCTTCAAGTCTGGGC-1	10646
GGGAATATCATGCTAA-1	10595
GGGAATATCCAAGTGT-1	14542
GGGAATATCGAAGTGA-1	19518
GGGAATATCGCTATAA-1	90427
GGGAATATCTTGCAAA-1	12682
GGGAGTAGTTGTAACG-1	14895
GGGATTAAGCGGATTT-1	67331
GGGATTAAGTCACGAT-1	39062
GGGCAATAGGTATTGC-1	5688
GGGCAATAGTAGCTTA-1	46338
GGGCAATAGTGAGCAA-1	17111
GGGCATGAGAACCTGT-1	15364
GGGCATGAGCACAGAA-1	16938
GGGCATGAGTCACGAT-1	16922
GGGCATTGTCCCGGAA-1	14291
GGGCGAATCACCATTT-1	11999
GGGCGAATCATTGTTC-1	20466
GGGCTAACATTGTGTG-1	25784
GGGTATTTCGATTCTT-1	9736
GGGTCAACATTGACAT-1	83483
GGGTCACTCATTGTTC-1	18291
GGGTCACTCTACCTCA-1	4541
GGGTCACTCTCAATTC-1	23591
GGGTGTTGTAGTTGGC-1	23208
GGGTGTTGTCATGCCC-1	15285
GGGTTATTCAAACCGT-1	28043
GGGTTTGTCACGAATC-1	11462
GGGTTTGTCCCTCACG-1	18778
GGGTTTGTCCTGAATA-1	15526
GGGTTTGTCTATCGCC-1	13916
GGGTTTGTCTCATCAT-1	29398
GGTAAACCAAGCCAGA-1	24354
GGTAAACCACCAAAGG-1	19024
GGTAAACCAGCCTAAC-1	19303
GGTAAACCATTATGAC-1	23826
GGTAACCGTGCACGCA-1	34170
GGTAACTTCCACAATA-1	5336
GGTAACTTCCGCTAGA-1	16838
GGTAAGGGTGGTTCCC-1	14585
GGTAATTGTAGCTAAT-1	4371
GGTACAAAGGGCTAAA-1	28597
GGTACCGGTAAATTGC-1	16784
GGTACCGGTATTTGGG-1	22109
GGTACCGGTCATAACG-1	15568
GGTACCGGTCCCGGAA-1	61935
GGTACTTAGGGACCTC-1	16615
GGTAGGAGTACCGTTT-1	19890
GGTAGGAGTTCGCTTG-1	67487
GGTATGTTCATCCTCA-1	68160
GGTATGTTCCTGAATA-1	7119
GGTATTGGTAGCAGCT-1	16114
GGTATTTCATTAAGCT-1	20855
GGTCAAGCAATAGCAA-1	47089
GGTCAAGCACAATGCC-1	5363
GGTCAAGCATTAGCCA-1	7731
GGTCAATTCAGGTCCA-1	21470
GGTCAGGAGTACCGCA-1	21165
GGTCATTAGAGAGGCT-1	7995
GGTCATTAGCAAGGAC-1	26812
GGTCATTAGGTTAGCT-1	19509
GGTCCATCACTTAACG-1	5549
GGTCCATCATCCCTCA-1	15131
GGTCCGTAGGGACCTC-1	12500
GGTCCTGCAAACATAG-1	20263
GGTCCTGCAATAGCCC-1	17241
GGTCGGTTCACTCAAA-1	9531
GGTCTTGAGCCTGTGA-1	14752
GGTCTTGAGGCATTAC-1	16166
GGTCTTTGTGAAGCCT-1	18410
GGTCTTTGTTAGACCA-1	58277
GGTGAGCCAGGCTACT-1	15399
GGTGAGCCATAGACTT-1	26970
GGTGAGCCATATTGAC-1	49157
GGTGAGGTCAAACCGT-1	38597
GGTGAGGTCGTTACTT-1	14598
GGTGAGTAGCGAGCGA-1	7241
GGTGATTTCACTAGGT-1	14966
GGTGATTTCCCGCAAA-1	38137
GGTGATTTCCTTAGGG-1	36047
GGTGATTTCGTTATCT-1	17183
GGTGATTTCTAAGGAG-1	21916
GGTGCTGGTAATGACT-1	25270
GGTGCTGGTGGATTGC-1	11342
GGTGCTTCAAGTGTCC-1	11791
GGTGCTTCATTTAAGC-1	27315
GGTGTCCAGATAACCC-1	24240
GGTGTCCAGCTAAAGG-1	46905
GGTGTCCAGTCTTGAA-1	21401
GGTGTGACAATAATGG-1	18714
GGTGTGACAGCAAGAT-1	9544
GGTGTTGTCGTACCGA-1	58890
GGTTAATGTATCTGGA-1	27173
GGTTAATGTCATAAGT-1	7728
GGTTAATGTGCTCACC-1	20382
GGTTAATGTGTTGCTT-1	19713
GGTTACCCAGCTCAAC-1	28997
GGTTACCCATAGCGAG-1	25185
GGTTACTAGGGTTATC-1	9986
GGTTAGCGTCAAGTGC-1	64798
GGTTAGCGTTTAGCTC-1	43888
GGTTATATCATTACGA-1	89863
GGTTATATCATTTGTC-1	28583
GGTTATATCCTCATCA-1	11849
GGTTATATCGCGCTAA-1	56749
GGTTATATCGCTATAA-1	20521
GGTTATGGTATACTGG-1	19178
GGTTATGGTTCCATTA-1	6443
GGTTCCCGTCCCGAAG-1	12427
GGTTGAGCAACTGGGA-1	11850
GGTTGAGCACAGACTC-1	42528
GGTTGAGCACTTACAG-1	15123
GGTTGAGCATGAATAG-1	20123
GGTTGCATCAAGCCTG-1	19033
GGTTGCATCCGTTATT-1	14613
GGTTGCGGTATTGGTG-1	7201
GGTTGCGGTGGTTCCC-1	3630
GGTTGCTCACTCAACA-1	31024
GGTTGCTCAGTTTACG-1	25109
GGTTGGTGTAGCTAAT-1	6165
GGTTGGTGTGACCTGG-1	18899
GGTTGGTGTTCACCAT-1	17000
GGTTTAATCACGCGGT-1	21018
GGTTTAATCATAATCG-1	23555
GGTTTAATCTATCGCC-1	29990
GGTTTCCTCGTTATCT-1	22472
GGTTTCCTCTTGCAGG-1	20633
GGTTTCTGTAATTAGC-1	13521
GGTTTCTGTGAGAAAC-1	7763
GGTTTGTAGAGAGGCT-1	15629
GGTTTGTAGAGCCGCT-1	18047
GGTTTGTAGCTCCCTG-1	22181
GGTTTGTAGCTGGAAA-1	13474
GGTTTGTAGGGTTAGA-1	24879
GTAAAGCCAGGCATCT-1	20506
GTAAAGCCATAAAGCA-1	19188
GTAAGCAAGGTAAGCA-1	14864
GTAAGCGCATGCTTAG-1	22998
GTAAGCTTCCGCACAA-1	57050
GTAAGGTCAAGGAATC-1	28389
GTAAGGTCAGTTTGGC-1	15981
GTAAGGTCATGGCCCA-1	22632
GTAATAGCAGCAACAG-1	59219
GTAATAGCAGCAGGTA-1	31141
GTACAATGTGATTACG-1	17386
GTACACCCACCTCAGG-1	18192
GTACACCCAGGCCATT-1	23604
GTACCGGGTGAAGCCT-1	26963
GTACCGGGTTTACTTG-1	11549
GTACCTTGTCCTAAGA-1	3813
GTACCTTGTCCTCCAA-1	13144
GTACCTTGTTTAGCTC-1	5699
GTACGTAGTACCGGAT-1	9895
GTACTAATCGCTAGCA-1	27701
GTACTAGGTGTTTGCT-1	18226
GTACTAGGTTTGCTGT-1	83240
GTACTGGTCCTGATTT-1	23190
GTACTGGTCTAATTGG-1	38633
GTACTTAAGGCCTGGT-1	47646
GTAGCGCTCAATGTGC-1	19260
GTAGCGCTCACCATTT-1	40634
GTAGCTGTCAGGAAGC-1	5442
GTAGGAGGTCCCGAAG-1	22788
GTAGGAGGTGTTTGCT-1	26604
GTAGGATCAGGATAAC-1	10873
GTAGGCGAGACCATAC-1	8777
GTAGGCGAGCACCACA-1	19193
GTAGGCGAGTGATTCA-1	19567
GTAGGTGCAATTTGGT-1	26730
GTAGGTGCAGTAATAG-1	34384
GTAGGTGCAGTTTCTC-1	16853
GTAGTTATCATCACTT-1	23333
GTAGTTATCGCACAAT-1	25835
GTATCGCCAATTGACT-1	57069
GTATCGCCAGGAACCA-1	38820
GTATCGCCATGTTGTG-1	35330
GTATGTGGTCACAGAC-1	8551
GTATGTGGTCACCTAT-1	8516
GTATGTTCAAAGGTAC-1	11645
GTATGTTCATTGCGGT-1	37236
GTATTCAAGAATCGCT-1	18617
GTATTCAAGCCAGTAT-1	18625
GTATTCAAGCCGCAGT-1	24013
GTATTCAAGCTCAAAC-1	28735
GTATTCAAGGACACTT-1	24236
GTATTCAAGGTATTGC-1	17591
GTATTGATCCTAAGAC-1	18252
GTATTGCAGATGGAGC-1	31469
GTATTGCAGTCACGAT-1	13074
GTATTGTCAATACTGT-1	25141
GTATTGTCAATGAATG-1	85654
GTCAAACTCAATCTAG-1	4043
GTCAAACTCAGAAACG-1	15039
GTCAAACTCGCTTGCT-1	47409
GTCAAACTCTATCGCC-1	14512
GTCAAACTCTTGAGGT-1	13507
GTCAATATCATCAGTA-1	27339
GTCAGGCTCAATACGC-1	16438
GTCAGGCTCCACCTGT-1	19014
GTCAGGCTCTTGTCTG-1	52801
GTCATCACACAGAACG-1	27946
GTCATCACATAGACCC-1	14971
GTCATCCTCATTGACA-1	3902
GTCATCCTCCCGTTAC-1	23158
GTCATCCTCGCTTCTA-1	28906
GTCATGAGTATTGGTG-1	9424
GTCATGAGTTAACGGC-1	22891
GTCATGAGTTTGTCTA-1	54551
GTCATGCCACAGCCTG-1	42199
GTCATTAAGGAGCAAC-1	13986
GTCATTAAGGGCTTAT-1	23720
GTCCAGGGTACTGAAT-1	15639
GTCCAGGGTATACTGG-1	44065
GTCCATTGTAATCGTG-1	13842
GTCCATTGTCAGGAAG-1	31873
GTCCATTGTCCTAAGA-1	20516
GTCCATTGTGGTTCTT-1	23563
GTCCGTAAGCGGATTT-1	39192
GTCCGTAAGGGTTAGA-1	34018
GTCCGTAAGGTCATTA-1	10685
GTCCTAGAGCGGATTT-1	16272
GTCCTAGAGTAACCCG-1	15274
GTCCTCAGTGAGAAAC-1	9576
GTCCTCCCAAGCGATG-1	10550
GTCCTCCCATTCCTCG-1	60796
GTCGAAGCAGGCATCT-1	67456
GTCGAGGAGGATGATG-1	90139
GTCGCAATCAAGACTC-1	2767
GTCGCAATCGGTTACG-1	72666
GTCGCAATCTTGGATA-1	26162
GTCTAACAGCCATCAG-1	14716
GTCTAACAGCGCATTG-1	15455
GTCTAACAGGTTTGCG-1	11302
GTCTAACAGTTAGACC-1	10667
GTCTAATCAGGCATCT-1	16473
GTCTAATCAGGCGATA-1	60544
GTCTAGCCAATAGCCC-1	35450
GTCTAGCCACTGGCTG-1	19289
GTCTAGCCATAGCGGA-1	13335
GTCTATCGTAACTACG-1	26245
GTCTATCGTACCGTTT-1	27462
GTCTATCGTTAAATGC-1	8124
GTCTCACTCAAACTCA-1	3487
GTCTCACTCATGTTTC-1	5136
GTCTTGCTCCTCCTAA-1	32879
GTCTTTAGTGTGTGGT-1	63573
GTCTTTGTCGATAACC-1	25176
GTCTTTGTCGGCCATA-1	43312
GTCTTTGTCGTTCACC-1	17036
GTGAACAAGGAGTCGG-1	20239
GTGAACAAGGCTATGT-1	8230
GTGAATCTCATCCTAT-1	18614
GTGAATCTCGATCAGT-1	68901
GTGAATCTCGATTATG-1	22422
GTGAATCTCGCTAAAC-1	18390
GTGAGCGAGCTGTAAC-1	27406
GTGAGCGAGGTAAGCA-1	13341
GTGAGGAGTTGTGATG-1	38052
GTGATCAGTATTGGAT-1	14263
GTGATGAAGCACCACA-1	25402
GTGATGAAGCATGTTA-1	53658
GTGATGAAGTACTGGT-1	24562
GTGCAAGCAGCAACAG-1	25970
GTGCACGGTTTGTGGA-1	17517
GTGCATTAGAAGCTAG-1	50998
GTGCATTAGCTGTCAG-1	26434
GTGCATTAGGAGGTTA-1	27592
GTGCATTAGGCGGATG-1	27792
GTGCCTTTCCAAACAC-1	19092
GTGCCTTTCCACCTGT-1	15725
GTGCCTTTCTAAGGTC-1	14766
GTGCGGTTCCTGGTCT-1	21043
GTGCTCAAGTATCGCG-1	34388
GTGCTCCGTTCCTGTG-1	31383
GTGCTGATCATCCACC-1	32857
GTGCTGATCCTCATCA-1	11837
GTGCTTACATGTCGCG-1	80731
GTGGACACAGAAATGC-1	19071
GTGGACACAGTAGGAT-1	32823
GTGGACACATAAGGAC-1	26332
GTGGATGCAATAACGA-1	19655
GTGGCTTCAAACTCAT-1	11034
GTGGCTTCATTAGGCC-1	14693
GTGGTTAGTACCGTAA-1	10564
GTGTAACTCGTAATCA-1	20563
GTGTAACTCGTCAAGT-1	35941
GTGTCCAAGGCACAGG-1	28542
GTGTCCAAGGGCCACT-1	17256
GTGTGAGCAAGGTATA-1	17689
GTGTGAGCAATTGACT-1	40339
GTGTGAGCAGGTATTT-1	64233
GTGTGCGGTAGTTGGC-1	68173
GTGTGTTAGCGCAATT-1	18276
GTGTTACAGCATTAGC-1	20141
GTGTTCCTCATGGTGT-1	19362
GTGTTCCTCGTTATAG-1	18269
GTGTTCCTCTGGTCCT-1	29260
GTTAAACGTAAGCACC-1	18742
GTTAAACGTGGTTCTT-1	14849
GTTAAACGTGTTGTAG-1	15803
GTTAACCAGCGGCTGT-1	35066
GTTAACCAGGCCAATT-1	4536
GTTAACGGTTACAAAC-1	14755
GTTAACGGTTAGTACG-1	32822
GTTAACGGTTATTGCC-1	4297
GTTAACGGTTGGTGAC-1	24908
GTTAAGCTCGCACACA-1	14008
GTTAAGTGTACCGTTT-1	35441
GTTAAGTGTACGTTTC-1	22907
GTTAAGTGTTCACCAT-1	19329
GTTAAGTGTTTCCACG-1	5039
GTTAATGTCCTAAGTA-1	50747
GTTAATGTCGAAGTAG-1	9407
GTTAATGTCGTTATAG-1	14706
GTTACAGGTTTGACCT-1	17310
GTTACCTGTTGTAACG-1	51853
GTTACGCCAACCGCCA-1	18495
GTTACGCCATCAGTAT-1	30664
GTTACGTAGTTATTCC-1	13453
GTTACTAAGGCATGTT-1	16870
GTTACTAAGTAACCAC-1	21759
GTTACTCGTATACTGG-1	71439
GTTAGACTCATGTCAA-1	16501
GTTAGACTCTCACTAT-1	14668
GTTAGGCGTCCAAGAC-1	22440
GTTCACCTCAAGCCTG-1	7948
GTTCACCTCATGGCTG-1	19328
GTTCACCTCGCTCACT-1	20207
GTTCATTTCAGGCCTA-1	23667
GTTCATTTCCTCATGC-1	25936
GTTCATTTCGTTAACA-1	51895
GTTCATTTCTACCTCA-1	13694
GTTCATTTCTCACACC-1	12078
GTTCATTTCTCTAGCC-1	28653
GTTCCCAGTATTTGGG-1	15797
GTTCCCAGTCACAGCG-1	9990
GTTCCTTCATAAGTCT-1	58758
GTTCCTTCATTGCAGC-1	37021
GTTCGCGCACTAAGAA-1	23614
GTTCGCTTCGTTACTT-1	18745
GTTCGCTTCTCACTCA-1	37164
GTTCTCATCGTAACGT-1	22423
GTTCTCATCTAAGGTC-1	12073
GTTCTTAGTTGCTTCG-1	18393
GTTCTTGTCTACTAAG-1	20625
GTTGCATAGCATTTCT-1	36575
GTTGCGGGTCATAAGT-1	32389
GTTGCGGGTCCACAAA-1	8851
GTTGCGGGTGGTTATG-1	5258
GTTGCTGAGCATGCAT-1	19491
GTTGGAGCACAAAGAC-1	18352
GTTGGAGCAGGCATGA-1	14795
GTTGGAGCATAGCGAG-1	56053
GTTGGAGCATGTCGCG-1	39782
GTTGGCCAGCTTGCTC-1	12270
GTTGGCCAGTCATTAG-1	56706
GTTGGCGGTATGGTGC-1	63071
GTTGGCGGTCTAACCT-1	61311
GTTGGCGGTCTCACTG-1	21509
GTTGTGAGTCATGCAA-1	31611
GTTGTGAGTGCAACTA-1	15843
GTTGTGAGTGTCCAAA-1	16460
GTTGTGAGTTACCGGG-1	12884
GTTGTGAGTTAGGCTA-1	33791
GTTGTTGCAACTAGCC-1	56632
GTTGTTGCACAACCTA-1	31083
GTTTAACCAAAGCGGC-1	19533
GTTTAACCAACCCTCC-1	9094
GTTTAACCATTCCTCG-1	24396
GTTTAGCAGGCCCAGT-1	16319
GTTTAGCAGTATTGTG-1	40886
GTTTATCTCCCTTGCG-1	58464
GTTTATCTCGATTATG-1	43559
GTTTCAGCAGACAAAC-1	25163
GTTTCTAGTAGCCTAA-1	3148
GTTTCTAGTCATCAAG-1	28444
GTTTCTAGTCGACTCC-1	8124
GTTTGCTGTCAAGTGC-1	21453
GTTTGTAAGCTCAAAC-1	89383
GTTTGTAAGTGATTCA-1	43710
GTTTGTCGTGACATGC-1	43427
GTTTGTCGTGTAATAC-1	19450
GTTTGTTTCCTGGTCT-1	31581
TAAACAGCAACTGGGA-1	9382
TAAACAGCACTAAGTT-1	47257
TAAACAGCATAGACCC-1	76295
TAAAGCCTCCCTGATC-1	97972
TAAAGCCTCCTCAGCT-1	59684
TAAAGCCTCTCGACCT-1	84264
TAACAAGCACTCAACA-1	26934
TAACAAGCAGGCTTGT-1	10596
TAACAAGCAGGTATTT-1	27162
TAACAAGCATAGACCC-1	38728
TAACCAGGTCAAACTG-1	3142
TAACCAGGTCCGGTTC-1	42980
TAACCAGGTGCTCCGT-1	19920
TAACCAGGTGGCTTCC-1	35212
TAACCAGGTTGTTGTC-1	57548
TAACCGGTCAGCTAAC-1	58434
TAACCGGTCCAGCACA-1	5401
TAACCGGTCCCGAAGC-1	16436
TAACCGGTCGGGACCT-1	25844
TAACCTAAGCTGTACG-1	18813
TAACCTAAGGTCCACA-1	29622
TAACCTAAGGTGAGAC-1	14687
TAACCTAAGTGAGCAA-1	24708
TAAGCCAGTGCATCGG-1	5587
TAAGCCAGTGCTGGTG-1	16242
TAAGCCAGTGTTTCAC-1	19555
TAAGCCAGTTATTGCC-1	17491
TAAGCCTAGTAAACCC-1	34030
TAAGCTATCAATCTAG-1	7404
TAAGCTATCAGGTCCA-1	19050
TAAGCTATCGACAAAG-1	20811
TAAGCTGGTATTGGTG-1	9518
TAAGCTGGTTTGGGCG-1	24260
TAAGGACCACCTGGTG-1	18679
TAAGGACCAGCATGTC-1	17365
TAAGTAGCAGGTTCAC-1	27265
TAAGTGCTCCAGGTCA-1	30838
TAAGTGCTCTCGACCT-1	34630
TAATCCGCAACACCTA-1	29773
TAATCCGCACATTGCA-1	14825
TAATCCGCACCTGCCT-1	54012
TAATGCATCACTAGGT-1	32623
TAATGCATCAGGATGA-1	15617
TAATGCATCCTTAGGG-1	35626
TAATGCATCGATTCTT-1	18182
TAATGGACAACAGGTG-1	14242
TAATGGACACAGGAAT-1	12014
TAATGGTGTTAGCTGA-1	28093
TAATTGCCAATTTGGT-1	17374
TACAAGCTCAAACCGT-1	20045
TACAATGTCGAAGCGG-1	12619
TACAATGTCGAAGTGA-1	20860
TACAATGTCTCACACC-1	14625
TACAGCTAGTTCCTGC-1	66800
TACAGCTAGTTGGCCA-1	27352
TACATCAAGCCTGTTC-1	13520
TACCAAATCCTCATCA-1	13099
TACCAAATCCTGAGTG-1	24211
TACCAGGTCACGTTAA-1	26775
TACCAGGTCCCATAGG-1	30931
TACCAGGTCCCTCGCA-1	18016
TACCAGGTCCTTGCGT-1	11142
TACCAGGTCTCACTAT-1	25881
TACCCGGCAATATACC-1	15284
TACCCGGCATGAGCAG-1	37359
TACCCGGCATGGTTAT-1	18014
TACCGAAGTCAATGTG-1	6022
TACCGAAGTGAAACAA-1	28143
TACCGAAGTTCACCAT-1	4607
TACCGAAGTTCCATTA-1	16113
TACCGCAAGCGTGCGT-1	19828
TACCGTTGTGATTTGG-1	57237
TACCGTTGTTAAGTGT-1	45587
TACCTCATCTGTTGCC-1	3598
TACCTCATCTTAATGG-1	26801
TACCTCATCTTAGGGT-1	18791
TACCTGCTCACAGGAA-1	25335
TACCTGCTCACCATTT-1	7669
TACCTGCTCATTCATC-1	5121
TACCTGCTCGCGACAC-1	27935
TACCTTAGTCAATGTG-1	27330
TACCTTAGTCCTTCTC-1	26006
TACCTTAGTTTGCAGA-1	17509
TACCTTTAGCATCCAG-1	45291
TACCTTTAGTTTAACG-1	34634
TACGCACCATGATTGT-1	23734
TACGCTTGTCATGCCC-1	21719
TACGCTTGTTGAAGCC-1	16358
TACGCTTGTTGAATCG-1	22586
TACGCTTGTTTGAGCA-1	18194
TACGGATTCATGACCG-1	18248
TACGGATTCGTTACAA-1	24469
TACGGTTAGAGAGCCG-1	89763
TACGGTTAGCACAGCC-1	23361
TACGGTTAGTTGTCTT-1	10069
TACGTAATCACCTGTC-1	14538
TACGTACAGCGCAATT-1	15795
TACGTTAAGCAAGACA-1	28094
TACGTTAAGTGAGCGG-1	58523
TACGTTAAGTTGTCCC-1	8135
TACTAAGTCCAAGTTA-1	17508
TACTCAAAGCAAGATG-1	21935
TACTCAAAGGCACAGG-1	21661
TACTCAAAGGGTCTAT-1	6939
TACTCGCTCCATAATG-1	11879
TACTCGCTCCCTGGTT-1	56609
TACTGACAGAGGAGTC-1	47288
TACTGAGGTAGGTTGC-1	11527
TACTGGCCATAAGCAA-1	38129
TACTTCGTCACCAATA-1	19164
TACTTCGTCCCGCATT-1	15825
TACTTCGTCCGGTTAG-1	22965
TACTTGTTCCTTCTAG-1	31267
TACTTGTTCGGCCAGT-1	46593
TAGACCAGTGGTTCCC-1	12606
TAGACCAGTTGCCTCA-1	25055
TAGAGCCGTAACGGGA-1	27102
TAGAGCCGTACCGTTT-1	17929
TAGCAGGCAACGTGCT-1	24525
TAGCAGGCACAGACTC-1	16906
TAGCAGGCACCCACAG-1	34869
TAGCAGGCAGAGGCTA-1	22820
TAGCAGGCATAAGTTC-1	15051
TAGCAGGCATGTTGCA-1	24654
TAGCATATCCCTCGCA-1	19488
TAGCATATCCGCCTCA-1	54617
TAGCATATCGCACACA-1	36456
TAGCCGGGTAAATTGC-1	19147
TAGCCGGGTAACCAGC-1	6407
TAGCCGGGTTAAGCCA-1	17791
TAGCCGGGTTACAACG-1	6525
TAGCCGGGTTGTGATG-1	2733
TAGCCTCTCGGCCAGT-1	25281
TAGCCTGAGGAACACA-1	26819
TAGCCTTGTTCCGCAC-1	18547
TAGCGGACAAAGCGGC-1	44975
TAGCGGCTCAATGTCA-1	22772
TAGCGGCTCGGGACCT-1	16906
TAGCGGCTCGGGACTC-1	35918
TAGCGGCTCTAATTGG-1	95146
TAGCTAATCAATACGC-1	11558
TAGCTAATCAGCAAGA-1	3974
TAGCTAATCGGCCAGT-1	2958
TAGCTAATCGGTCAGC-1	11160
TAGCTAATCTCAATGA-1	16139
TAGCTAATCTTAGGGT-1	27330
TAGCTAGGTTAGCATG-1	7226
TAGCTAGGTTCCATTA-1	6055
TAGCTAGGTTTATGGG-1	45976
TAGCTTAAGGACCAGG-1	2837
TAGCTTAAGTGAGGTA-1	25255
TAGCTTGCACAAAGGT-1	11467
TAGGAACCACGTAAGG-1	3245
TAGGAACCAGCATGTC-1	38598
TAGGAACCAGGTTACC-1	16065
TAGGAACCATAGTCAT-1	36530
TAGGAGGGTAAACAAG-1	20111
TAGGAGGGTTTAGCTC-1	18292
TAGGCTGTCTGCAAGT-1	37033
TAGGCTTAGGATTGCT-1	7061
TAGGGTTTCATTTGCT-1	32376
TAGGGTTTCTTGATGA-1	29397
TAGGGTTTCTTTGACT-1	21116
TAGGTGCGTCCACAAA-1	23944
TAGGTGCGTTTACGTC-1	25554
TAGGTGCGTTTATTCG-1	7553
TAGGTGCGTTTGACCT-1	19823
TAGGTTATCAATGTCA-1	24457
TAGGTTATCATAACCA-1	43438
TAGGTTATCTAGCTAA-1	22432
TAGTAACGTTCTTTAG-1	14153
TAGTAAGCACTCAACA-1	16599
TAGTAAGCATAGGCGA-1	67746
TAGTAAGCATCACTTC-1	19266
TAGTAAGCATTAAGCT-1	54476
TAGTACGGTCTATCGT-1	57670
TAGTACGGTGGAGCAA-1	30066
TAGTAGGAGCGCCTTT-1	40804
TAGTAGGAGGACCTCA-1	48547
TAGTCAATCCAAACAC-1	11778
TAGTCAATCCTTAAGA-1	22058
TAGTCAATCCTTAGGG-1	35736
TAGTGAGAGAAACTGG-1	12849
TAGTGAGAGAATCGCT-1	20823
TAGTGAGAGGTCCACA-1	23127
TAGTGAGAGTAACCAC-1	17177
TAGTGGCGTTAGTGAT-1	22091
TAGTGGCGTTTACGTC-1	28968
TAGTTGTCAAACGGGC-1	45166
TAGTTGTCAAATATCC-1	7859
TAGTTGTCAGCGCTTG-1	28663
TAGTTGTCATCCATCT-1	26162
TATAACCCACGAATCC-1	26997
TATAGCCAGCTTTGGG-1	18351
TATAGCCAGTTAGCTA-1	17170
TATAGCTCAGGATAAC-1	18927
TATAGCTCAGGTTAAA-1	2847
TATCACGCACAGGGAC-1	27277
TATCCAGCAAGCGAGC-1	64694
TATCCAGCATTGACAT-1	23003
TATCCGGAGTTAGCCG-1	15172
TATCGAGGTTATCCGT-1	18282
TATCGAGGTTTACGTC-1	30864
TATGAAGCAATGAGGT-1	39484
TATGAAGCATAAGCAA-1	18531
TATGACATCATGCTCC-1	25176
TATGACATCTTGGATA-1	24657
TATGACTCATCCATCT-1	36321
TATGGATGTCTAACAG-1	29120
TATGGCCCAAGACTCC-1	15628
TATGGCCCAGGCAAGC-1	22005
TATGGCCCATTCAGCA-1	43391
TATGGGCGTCAGGCCA-1	22467
TATGGGCGTCGCATAA-1	3456
TATGGGCGTGATGAAA-1	32370
TATGGGCGTGTTAGCA-1	15059
TATGGGCGTTTCGCCA-1	6207
TATGGTCAGGGACTAA-1	34035
TATGGTCAGTTATGGC-1	40929
TATGGTCAGTTCCCGT-1	21543
TATGGTCAGTTTCCGC-1	15133
TATGTGATCCATTACT-1	31277
TATGTGATCGTTATCT-1	11314
TATTACCTCATTAGCA-1	14747
TATTACCTCATTTGCT-1	2684
TATTACCTCTTGCATT-1	17136
TATTAGCCAATGAAGC-1	74940
TATTAGCCAATTAGGA-1	34960
TATTAGCCACCATATG-1	8143
TATTAGCCATCAGCAC-1	13338
TATTAGCCATCTTGAG-1	20184
TATTAGGTCTTGATGA-1	35789
TATTCGTTCCAAATCA-1	19655
TATTGACCAATCCTAG-1	13076
TATTTGCTCCTCATCA-1	17953
TATTTGGAGTGTTGTA-1	23454
TCAAACCAGCCTGTTC-1	17651
TCAACAATCACTTTAC-1	15845
TCAACAATCCCGTTGT-1	25316
TCAACAATCCGTGACA-1	16524
TCAACAATCCTTTACG-1	26280
TCAACAATCTCAATAG-1	3442
TCAAGAACAATGCGCT-1	15632
TCAAGAACACGAACAG-1	17630
TCAAGAACAGTACCGT-1	26923
TCAAGACTCACGCCAA-1	16848
TCAAGACTCACTTTAC-1	60338
TCAAGACTCATTTGCT-1	10017
TCAAGACTCCTAATGA-1	12095
TCAAGACTCGGTTTCC-1	18176
TCAAGCTAGCTTAGCG-1	12827
TCAAGCTAGTTGGGCC-1	55854
TCAAGGAAGGAGGTTA-1	31644
TCAAGGAAGTAAACCC-1	39734
TCAAGGAAGTATTGTG-1	5526
TCAAGGTTCATCCTAT-1	23631
TCAAGGTTCATTATGG-1	95964
TCAAGGTTCCTAGTAA-1	10287
TCAAGGTTCCTTCTAG-1	15787
TCAAGTATCGCGCTAA-1	15793
TCAAGTATCGCTAGCA-1	16258
TCACCTCAGCACTAAC-1	79057
TCACCTCAGTAGGCGG-1	26502
TCACGGATCGCTAGAT-1	30795
TCACGGATCGGGACTC-1	22635
TCACGGATCTCTAGCC-1	7354
TCACTGACATTAAAGG-1	2757
TCAGCAAGTAAGCTCA-1	26720
TCAGCAAGTCACAGCG-1	22787
TCAGCCTTCGTGCTAG-1	13035
TCAGCCTTCTAACCAA-1	36654
TCAGCCTTCTGTGCCT-1	14323
TCAGCGATCGAGCTAT-1	37501
TCAGGAGCATACTCCT-1	11171
TCAGGTCCAAGCGATG-1	21098
TCAGGTCCAAGGTATA-1	12804
TCAGGTCCAGCAGGTA-1	31463
TCAGGTCCATGAGTTT-1	34140
TCAGGTTAGCTCCTAC-1	22525
TCAGGTTAGGTGCGGA-1	49430
TCAGTAATCAAGCGCC-1	21419
TCAGTAATCTGTTGCC-1	74902
TCAGTAGGTGAACAAA-1	12261
TCAGTAGGTTTGGGCG-1	17520
TCATAACCAAAGGTAC-1	29751
TCATAACCATTTGCTC-1	5304
TCATACTTCAGGTTTA-1	22786
TCATACTTCATAAGCC-1	17008
TCATACTTCATGCATA-1	24279
TCATACTTCCAAGTTA-1	24175
TCATGAGGTTAGCCAA-1	16010
TCATGCCTCGTGCTAG-1	10643
TCATGCCTCTCAATAG-1	5544
TCATGTTTCAATGTCA-1	61490
TCATGTTTCCCGCATT-1	21569
TCATTACTCAATGAGG-1	13200
TCATTGCGTCCTTCAG-1	54516
TCATTGCGTGAAGCCT-1	17724
TCATTGCGTTGCAATG-1	20126
TCATTTGGTAAGGTTT-1	55210
TCATTTGGTGTCCAAA-1	45744
TCATTTGGTTTGAGCA-1	23422
TCCACAACAACTAGGG-1	14062
TCCACAACAGGATTAA-1	25441
TCCACAACAGTGAACG-1	9729
TCCAGCAAGCACCACA-1	37988
TCCAGGATCTCACATT-1	38514
TCCAGGTCAAGGTCCT-1	82654
TCCAGGTCATACCCGG-1	13410
TCCATAAAGCTTACTT-1	18391
TCCATAAAGTCATGCG-1	56623
TCCATATTCCTAAGAC-1	22596
TCCATCATCACTAGGT-1	21719
TCCCGGACAACCCTAA-1	40555
TCCCGGACAGCCTAAC-1	27401
TCCCTCACAAGCTTTG-1	9917
TCCCTCACAGCAACAG-1	11135
TCCCTGGTCGGTTCCT-1	4182
TCCCTGGTCTTGCAAA-1	26118
TCCGCCATCAATCTAG-1	13880
TCCGCCATCTGGCAAT-1	17835
TCCGGAATCAATGAGG-1	24385
TCCGGAATCTTGTTCG-1	18329
TCCGGTAAGCTGCACA-1	12780
TCCGGTAAGGAAGCTA-1	11360
TCCGGTTTCCCTTGCG-1	14300
TCCGGTTTCGTTAACA-1	7868
TCCGGTTTCTTTGAGA-1	14292
TCCTAGTGTGAGGTAG-1	51552
TCCTAGTGTGTGTGGT-1	26410
TCCTAGTGTGTTTGCT-1	53204
TCCTAGTGTTCACCCA-1	17610
TCCTCAATCAGCCAAT-1	17047
TCCTCAATCCTGTTCA-1	67785
TCCTCACAGACACCGC-1	16497
TCCTCACAGCCGGTAC-1	16475
TCCTCACAGTCTATGA-1	2668
TCCTCACAGTGAACCT-1	9660
TCCTCTAAGGACCTTG-1	9288
TCCTCTAAGGACTTAC-1	56715
TCCTCTAAGGATGATG-1	41203
TCCTCTAAGTATGTGC-1	8794
TCCTCTAAGTGAGGTA-1	23815
TCCTCTAAGTTATCCT-1	40184
TCCTGTTCAAACGGGC-1	41048
TCCTGTTCAAGGTCGA-1	17664
TCCTGTTCACGTTACA-1	16860
TCCTTAGTCCTAATAG-1	49547
TCCTTCAAGCCAAATC-1	8549
TCCTTGCAGCTGCACA-1	44681
TCCTTGCAGTCAGGCC-1	17886
TCCTTGCAGTGAGAGC-1	23599
TCCTTTACACAGACTC-1	5432
TCCTTTACACGGTACT-1	10483
TCCTTTACATTGTGAT-1	10075
TCGACAAGTAGCAGCT-1	64947
TCGATTAAGCCTTAAA-1	19456
TCGATTAAGGTGCTGC-1	23907
TCGCCCATCTGCAAGT-1	35448
TCGCGAGGTAGGTTAT-1	23236
TCGCGAGGTGTGCACG-1	20074
TCGCGCACACAGACTC-1	21796
TCGCGCACAGAGGGAG-1	9215
TCGCTAACAAACTCAT-1	14111
TCGCTAACAACCCTAA-1	18549
TCGCTAACAAGTTATC-1	31638
TCGGTAAGTTCACTGT-1	21977
TCGGTTACAGTTTCTC-1	18578
TCGGTTCTCCTCCATA-1	16207
TCGGTTTGTTCCATTA-1	11255
TCGTAATCAATGAGGT-1	42922
TCGTAATCACCGGTAT-1	23180
TCGTAATCATAATCCG-1	64308
TCGTCAACAACAGGTG-1	7316
TCGTCAACATCAGCAC-1	19177
TCGTGCTTCAAGCTAC-1	19850
TCGTGCTTCACCAATA-1	76672
TCGTGCTTCCAACTGG-1	15342
TCGTGCTTCCCTCTAA-1	45003
TCGTGCTTCGTTATCT-1	41257
TCGTTAAAGCCTGATG-1	25086
TCGTTAAAGCTATGAC-1	37708
TCGTTAAAGTCAATTG-1	37605
TCGTTATTCACACAGT-1	54183
TCGTTATTCGGCCAGT-1	27761
TCGTTTCCAAGCTTAT-1	26316
TCGTTTCCATTGCAGC-1	25127
TCTAACCGTAAACAAG-1	17203
TCTAACCGTAAGCACC-1	26274
TCTAACCGTGATCATG-1	22093
TCTAACCGTGGGTACT-1	44955
TCTAACCGTTAAGCCA-1	19598
TCTAACTTCGGTTTGG-1	13350
TCTAAGGGTACGTTTC-1	8594
TCTAAGGGTGGAAGGC-1	20695
TCTAATCTCACCTGTC-1	37963
TCTACCTCACTAAGTT-1	15876
TCTACTAGTGGTTAGC-1	51468
TCTAGCACAATCCCTT-1	42447
TCTAGCACATGTTTGG-1	25104
TCTAGCCTCGCAACAT-1	4679
TCTAGCGAGCGAAGTA-1	34494
TCTATGTTCCCAGTAG-1	18895
TCTATGTTCCCGCATT-1	35596
TCTCAAGCAGAATGAC-1	14835
TCTCAAGCAGCTTACA-1	24222
TCTCAAGCAGGCTACT-1	14005
TCTCAATTCCAGGTTG-1	24979
TCTCAATTCTAGCGTG-1	20508
TCTCACCAGCAGGTTT-1	47764
TCTCACCAGCTTCTCA-1	18548
TCTCACCAGGCCTTAG-1	83273
TCTCCTCGTCAATGTG-1	12137
TCTCCTCGTCATAAGT-1	17143
TCTCCTCGTGAGCAAG-1	23837
TCTCCTCGTTGTCCAT-1	3869
TCTCGCCCAGGTTTGC-1	2838
TCTGTGACAGCATGGA-1	52501
TCTTAGCGTCATAGAT-1	7944
TCTTAGCGTCATCATC-1	23249
TCTTAGTTCACTTTAC-1	18657
TCTTAGTTCATGGTGT-1	25271
TCTTAGTTCCAGGTCA-1	31113
TCTTAGTTCCTAATTC-1	25530
TCTTAGTTCGTTAAGC-1	28419
TCTTCAAGTATTGCAG-1	15746
TCTTGACGTTCATTTG-1	20252
TCTTGTCCACAGGAAT-1	16504
TCTTGTCCAGCCAGAA-1	15184
TCTTGTCCAGGCGAGT-1	15192
TCTTTGTAGCACTAGT-1	29475
TGAAACTGTCATGCAA-1	11923
TGAAACTGTTAATGAC-1	41926
TGAACAGAGACAACGA-1	13715
TGAACAGAGGAACCAA-1	23403
TGAACAGAGTGAACCT-1	15604
TGAACAGAGTTCCCAC-1	21348
TGAAGCAAGGCTAGAA-1	15021
TGACCAAGTAATAACC-1	7023
TGACCTTGTCAAACTG-1	10862
TGACCTTGTCCACAAA-1	4435
TGACCTTGTTCATCTA-1	18644
TGACTCCTCAGGCCTA-1	61032
TGACTCCTCATCACTT-1	16497
TGACTCCTCCCTTGCG-1	15782
TGACTCCTCCTAATAG-1	13455
TGACTCCTCGAAGTGA-1	31398
TGACTCCTCTAATCCT-1	51782
TGACTCCTCTCCATGC-1	12349
TGACTTAAGTCTATGA-1	21692
TGAGAACCATGAATCT-1	20540
TGAGCAAAGGAGGTTA-1	17433
TGAGCCGGTCCTTCTC-1	18477
TGAGGAGGTGATGAGG-1	39870
TGAGGCACATCCATCT-1	20999
TGAGGCACATGGCCCA-1	20029
TGAGGCACATGTTTGG-1	18068
TGAGGGAGTATGGTGC-1	21596
TGAGGGAGTCTCACTG-1	34923
TGAGGGAGTTTGGCTT-1	29443
TGAGGGCCAATAAGCA-1	12428
TGAGGGCCATGTCAGC-1	65444
TGAGGTGCATTAGCCA-1	31058
TGAGTGAAGGGATGAC-1	29782
TGAGTTTCAGAAATGC-1	14500
TGATCAATCACAGACT-1	17288
TGATCAATCACTCAAA-1	38912
TGATCAATCGCAACAT-1	71930
TGATCAATCTCGCCTG-1	25868
TGATCAATCTTTGACT-1	22177
TGATCACAGCATGGTT-1	16786
TGATCACAGCTTTGTT-1	32523
TGATCACAGTTAGGCT-1	9947
TGATCAGGTACGGTAC-1	7245
TGATCAGGTTAGGATT-1	7184
TGATCAGGTTTGAGGC-1	22037
TGATCCTGTCAACAAT-1	4145
TGATCGAGTCCAAATG-1	18676
TGATGAACAAGGACCA-1	40153
TGATGAACAGCACCAT-1	28124
TGATGAACATCGCTCC-1	18778
TGATGACTCGAGCTAT-1	18154
TGATGATGTAAGCTTG-1	59530
TGATGATGTGATGAAA-1	13223
TGATTAGTCAATAGCC-1	84156
TGATTCAAGCTATTGA-1	16870
TGATTCAAGTAACCAC-1	15415
TGCAAGCGTAACGAGG-1	2488
TGCAAGCGTCCACAAA-1	5256
TGCAAGCGTTCAAGCA-1	9612
TGCAATATCAGCAAGA-1	13581
TGCAATATCCACCCTG-1	22118
TGCAATATCGGGCCAT-1	28853
TGCACACCAATCCTAG-1	3181
TGCACACCATGAAATG-1	2583
TGCACCTTCGACCTGA-1	30898
TGCACTTGTGCCGCAA-1	47370
TGCACTTGTTAGCATG-1	10974
TGCACTTGTTTGGGTA-1	82434
TGCAGGCTCATAGACC-1	14130
TGCAGGCTCCCTCAGT-1	43277
TGCATCCTCATCCTCA-1	16925
TGCATCCTCCGTTAAA-1	18283
TGCATCCTCGATTATG-1	17712
TGCATCCTCGCGCTAA-1	5681
TGCATCCTCGCTTGCT-1	15918
TGCATCCTCTTAAGTG-1	15094
TGCATGAGTTTACCGT-1	59245
TGCATTAAGATGGAGC-1	35279
TGCCATTGTCAAAGGG-1	9354
TGCCATTGTTGCACAA-1	95038
TGCCTGTTCATAACCA-1	35977
TGCCTGTTCGAGCAAA-1	21273
TGCCTGTTCGCAATCG-1	27232
TGCGATTAGGAGTCTT-1	13191
TGCGATTAGGGCCATC-1	18835
TGCGCAGGTTCAAGCA-1	28173
TGCGCGAGTAGCCTAA-1	3193
TGCGGTTCAAGGACCA-1	13816
TGCGGTTCATAATGAG-1	9176
TGCTAGCCAAACGGGC-1	21642
TGCTCACTCAAGTGTC-1	16909
TGCTCACTCGGTCATG-1	8036
TGCTCCGTCCAGCACA-1	28557
TGCTCCGTCTTAGTGA-1	14534
TGCTCCGTCTTGTTCG-1	40909
TGCTGGATCAGCCAAT-1	26898
TGCTGGATCCGGGACT-1	19302
TGCTGGATCTCAATAG-1	25728
TGCTTAAAGATGCCTG-1	10486
TGCTTAAAGCATTTCT-1	10711
TGCTTAAAGGGCTTTG-1	18490
TGCTTCCAGATAAAGC-1	29008
TGCTTCCAGCCTGATG-1	15197
TGCTTCCAGGATTGCT-1	28638
TGCTTGCTCGTTAGCG-1	38278
TGCTTGCTCGTTTCGC-1	23693
TGCTTGTGTCATCAAG-1	59519
TGCTTGTGTTTATTCG-1	26508
TGCTTTAGTAGCTGGT-1	16775
TGCTTTAGTTCGCTTG-1	21659
TGGAACAAGACACCGC-1	22412
TGGAACAAGATTGAGG-1	17139
TGGAACAAGTTAGTGC-1	47535
TGGACAAAGCCATCAG-1	21008
TGGACAAAGGTCCTAG-1	37747
TGGACAAAGTCAGTAC-1	31544
TGGACCGGTGACCTGG-1	20275
TGGACCGGTGCTAGAC-1	15610
TGGACCGGTTAGCGTA-1	20447
TGGACCGGTTCACCCA-1	48454
TGGACGGAGCGATACT-1	43149
TGGATTCAGATTCCTT-1	9267
TGGATTCAGCTCATAA-1	15597
TGGATTCAGCTTATGA-1	12598
TGGATTCAGGGTTAGA-1	12073
TGGATTCAGTGAGCGG-1	15068
TGGATTCAGTGGACAA-1	13238
TGGATTGGTGGGAACA-1	11543
TGGCCAATCTACTAAG-1	10289
TGGCCAATCTTGGATA-1	16702
TGGCCATCAATAGCAA-1	23235
TGGCCATCACAATGTT-1	40083
TGGCCATCACAGAAAC-1	23619
TGGCCATCACCCTCAC-1	42188
TGGCCTGCAACAGGAT-1	44010
TGGCCTTTCACCGGTA-1	16968
TGGCCTTTCTTAGGAC-1	12299
TGGCGGTTCACGCATG-1	37574
TGGCGGTTCATGCAAC-1	40686
TGGCTAAGTCATCATC-1	33555
TGGCTAAGTCATTACC-1	15413
TGGCTAAGTTCGGTAA-1	19854
TGGCTATAGAAACTGG-1	12199
TGGCTATAGGAGGCAT-1	26752
TGGCTTTGTAAGGTTT-1	6356
TGGCTTTGTTAGCTGA-1	27788
TGGGCATGTAGTTGGC-1	20248
TGGGCATGTTACATCC-1	46640
TGGGCCTAGCGGGCAA-1	14498
TGGTAAACACCTGCTC-1	90314
TGGTAAACAGAGAGCC-1	23046
TGGTAAACAGTAAGTA-1	66719
TGGTCAAGTCATGCAA-1	39414
TGGTCAAGTCTAACCT-1	15526
TGGTCAAGTGTTGTAG-1	62065
TGGTCAAGTTGCATCT-1	12240
TGGTCAGTCCGCCTAT-1	16222
TGGTCAGTCCTAAGAC-1	17428
TGGTCAGTCGAGGAAC-1	24566
TGGTCAGTCGCACACA-1	34456
TGGTCATAGCATTAGC-1	11337
TGGTCATAGCTGGCTA-1	21135
TGGTCATAGGTGAGAC-1	8244
TGGTCATAGTTTCCTG-1	6047
TGGTCCTTCTGCAAAC-1	18794
TGGTGATTCCACCTGT-1	16096
TGGTGATTCGTACCGA-1	22232
TGGTGCATCACTTTAC-1	20763
TGGTGCATCCAATAGC-1	5535
TGGTGCATCCATAAGC-1	50867
TGGTGCATCTAAGTGC-1	69720
TGGTTAATCGGTTTGG-1	22687
TGGTTCCTCATGCATA-1	50514
TGGTTCCTCATGCCTC-1	5768
TGGTTCTGTGCTGTAA-1	26171
TGGTTGAGTAACGGGA-1	20533
TGGTTGAGTTGTGATG-1	75038
TGTAACTCACGGTTTA-1	14762
TGTAAGCTCGCTATAA-1	36316
TGTAAGTGTGGACCTG-1	28367
TGTAAGTGTTACTTGC-1	23293
TGTAATGTCAGCACGC-1	43780
TGTAATGTCCTCAGTC-1	22036
TGTATCCGTCATGAGC-1	14575
TGTATCCGTTCCGCAC-1	49173
TGTATCGCAGAGAGCC-1	12235
TGTCAGTAGCTTTGTT-1	30192
TGTCATAAGCATGAAG-1	18080
TGTCATAAGCCTAATA-1	28730
TGTCATAAGCTATTAG-1	10126
TGTCATAAGGCGTAAA-1	28015
TGTCATAAGTCAGGCC-1	41220
TGTCCTGGTCTCAGCC-1	16178
TGTCCTTCAAGTTATC-1	26192
TGTCCTTCAGCCTAAC-1	32342
TGTGAAACAACAGGAT-1	17816
TGTGAAACAACCCTAA-1	20072
TGTGAAACACGTAAGG-1	32280
TGTGAAACAGCTAACC-1	23148
TGTGCAAGTTTGGGCG-1	26096
TGTGCGCAGAGCAAGC-1	7989
TGTGCGCAGCTGTCAG-1	14374
TGTGCGCAGTAAAGGT-1	23579
TGTGCGGGTATCTGGA-1	39155
TGTGCTGAGAGAGGAG-1	18659
TGTGGCCAGAATCTCA-1	24596
TGTGGCCAGTTTAACG-1	23903
TGTGGCCAGTTTGTCT-1	16718
TGTGGCGGTTTAGTCC-1	46239
TGTGGCTCAAACTGTT-1	3726
TGTGGCTCACGGTTTA-1	27744
TGTGGCTCATAAGTTC-1	11186
TGTGTGAGTGTTTGCT-1	32748
TGTGTGAGTTGAAGCC-1	37879
TGTGTTAAGGGACTAA-1	22413
TGTTACTTCATGTTTC-1	15249
TGTTACTTCGTAATCA-1	39573
TGTTAGCAGACAACGA-1	20362
TGTTAGCAGGGCTTAT-1	33078
TGTTCATTCGCTCACT-1	20688
TGTTCATTCTTAGGAC-1	64418
TGTTCCTCATCACAGC-1	15772
TGTTGGCCACAAGCCT-1	21472
TGTTGTAAGCGGCTGT-1	28968
TGTTGTGCAAAGCTCC-1	33992
TGTTGTTTCTTGTTCG-1	48312
TTAAAGGCATTATGAC-1	7802
TTAACCAAGAGAAGGG-1	43725
TTAACCAAGCTATTAG-1	43548
TTAACCAAGTAGCGGG-1	18222
TTAACTGAGAAGCTAG-1	37549
TTAACTGAGCAAACCT-1	14754
TTAAGCCAGAGCCGGA-1	7396
TTAAGCCAGCTAATTG-1	79370
TTAAGCCAGGCGCTTA-1	17295
TTAAGGACAGAACCGA-1	26862
TTAAGGTGTCAAAGAA-1	14216
TTAAGGTGTGGAAACG-1	24010
TTAAGTGTCATAACCA-1	63485
TTAAGTGTCCAATAGC-1	2936
TTAAGTGTCGCAATCG-1	27477
TTAATCGAGTGAGCGG-1	57085
TTACACCGTTGGATAT-1	20784
TTACAGCAGGCTAAGA-1	63000
TTACCGTGTAACGGGA-1	34903
TTACCGTGTGAGCAAG-1	14910
TTACCGTGTGCAACTA-1	4573
TTACCTGTCATGCATA-1	29797
TTACCTGTCTGGCTTC-1	3779
TTACGTTTCACAGCCA-1	43135
TTACGTTTCCCTTGCG-1	26893
TTACGTTTCCTGATGG-1	22008
TTAGAAGCAACATAAG-1	20109
TTAGAAGCATAGACCC-1	19830
TTAGACTCAAACCTAT-1	58433
TTAGACTCAATAACGA-1	39805
TTAGACTCACAAACTT-1	21094
TTAGACTCACAAAGAC-1	21052
TTAGACTCACAACAAA-1	46715
TTAGACTCACATACTG-1	35095
TTAGACTCACCTAAGC-1	19016
TTAGCAATCAGGCCTA-1	24685
TTAGCAATCCTAATTC-1	23638
TTAGCAGGTGTGCAAC-1	15939
TTAGCAGGTTGAAGCC-1	22279
TTAGCAGGTTTGAGCA-1	21235
TTAGCCTGTTAAGCCA-1	13392
TTAGCGGTCACCTGCT-1	3350
TTAGCGGTCCTCACTA-1	20320
TTAGCGGTCGAGGTGG-1	15732
TTAGCGGTCTTTAAGG-1	15763
TTAGGAACAGAACCGA-1	21675
TTAGGATGTAAGCACC-1	15068
TTAGGATGTCAATGTG-1	10919
TTAGGATGTTAACGAT-1	23432
TTAGGATGTTGGTTGA-1	2914
TTAGGCCCACACTAAT-1	20172
TTAGGCCCAGCTTAGC-1	15688
TTAGGCGTCCTCAGTC-1	22480
TTAGGCGTCCTTCTAG-1	9907
TTAGGCTAGCCTGATG-1	16436
TTAGTCAAGCCTGAGC-1	27378
TTATAGCCAGCAACCT-1	17540
TTATAGCCATGGCCCA-1	6456
TTATCCGTCGCGCTAA-1	15298
TTATCCTAGCTGGAAA-1	17334
TTATCCTAGGCCTGGT-1	25088
TTATGACCATAATCGT-1	21150
TTCAACCGTGTTTGTC-1	33370
TTCAACCGTTATCCGT-1	32391
TTCACTGTCCTCACTA-1	14673
TTCACTGTCGGCCATA-1	18133
TTCAGCACAAGCTACC-1	24603
TTCAGCACACTAAGCC-1	14185
TTCAGGTAGCGATAGA-1	18098
TTCAGGTAGCTGGACC-1	15679
TTCAGGTAGGGCTTAT-1	21501
TTCAGTTTCAGGATGA-1	35984
TTCAGTTTCGGTTAGT-1	24642
TTCATCCCATGGAGGC-1	30712
TTCATTCAGGACAACA-1	17173
TTCCACGGTCATGAGC-1	59829
TTCCCACAGCCGCAGT-1	26743
TTCCCACAGTGCTGTG-1	53955
TTCCCGCCAAATTGCT-1	7947
TTCCCGCCAAGGATTA-1	25690
TTCCCGCCAAGGTCCT-1	32222
TTCCCGCCAGCATGGA-1	53431
TTCCTCAAGCATTATG-1	37834
TTCCTCAAGGGACGCA-1	26863
TTCCTTCTCAGCACGC-1	22410
TTCCTTCTCCTAAGTA-1	19850
TTCCTTCTCGCTCACT-1	54160
TTCCTTCTCGGTCATG-1	59092
TTCCTTCTCTTAGTCT-1	14167
TTCCTTGAGCACCACA-1	23865
TTCCTTGAGGTCAAAG-1	25301
TTCCTTGAGTGTGATC-1	94977
TTCGCAACATAACGGG-1	13231
TTCGCAACATGTTGCA-1	13328
TTCGGTACAAAGCGGC-1	17631
TTCGGTACACATAACT-1	17217
TTCGGTACACTGACCG-1	15443
TTCGGTACAGGGAGGA-1	7649
TTCGTGCTCCTCACAC-1	11480
TTCGTGCTCCTCCTAA-1	12004
TTCGTGCTCGGTAACT-1	5657
TTCGTGCTCTTAGGAC-1	24224
TTCGTTAGTGTTTGCT-1	77902
TTCGTTAGTTCCGGGA-1	39843
TTCTTAGGTGACATGC-1	9043
TTCTTAGGTGTTCCCA-1	14306
TTCTTAGGTTCGCTCA-1	9630
TTGACGTAGGAGGCAT-1	50581
TTGACGTAGGATAAAC-1	21038
TTGACGTAGGCCTAAT-1	50757
TTGACTAAGATAGACG-1	62573
TTGACTAAGCCACAAT-1	46929
TTGAGCTAGGCTGTCA-1	21109
TTGAGCTAGTGAACCT-1	32630
TTGAGGCGTTTCGCGC-1	14675
TTGATGTCAGGCTTCG-1	37486
TTGCAAGGTAGTAAGA-1	8582
TTGCAAGGTGGTGAGA-1	17537
TTGCAAGGTTGGTTCT-1	13245
TTGCAATCAAGGGTTG-1	16754
TTGCAATCATGCTTAG-1	15819
TTGCAGCCACCTCACC-1	36600
TTGCAGCCATGAGTTT-1	26625
TTGCATTTCATAGACC-1	19608
TTGCATTTCCGCCTCA-1	19470
TTGCATTTCTAAGTGC-1	12638
TTGCATTTCTTTAAGG-1	39285
TTGCCCGTCAGCATTA-1	15829
TTGCCCGTCATTCATC-1	26454
TTGCCCGTCGGGATTT-1	17590
TTGCGAGTCATGAAGG-1	22996
TTGCGAGTCATGCTAA-1	22359
TTGCGAGTCCCATAGG-1	17364
TTGCGTCTCCCGCATT-1	28358
TTGCGTCTCGTTCACC-1	38071
TTGCGTCTCTAGCTTT-1	17117
TTGCTCTCAAGTGTCC-1	10750
TTGCTCTCACCCTCAC-1	48576
TTGCTCTCAGAGGGAG-1	39275
TTGCTCTCAGGATGGC-1	4310
TTGCTCTCATGAATCT-1	79530
TTGCTTAGTACGGTAC-1	17468
TTGCTTTAGCTTTGGG-1	26039
TTGGAGGCACTAAATC-1	33323
TTGGAGGCAGCTAATT-1	11031
TTGGATATCATCCTGC-1	14736
TTGGATATCTAACCAA-1	25535
TTGGATATCTTAGGAC-1	22407
TTGGATTCACCAACCG-1	47291
TTGGATTCAGCAAATA-1	18265
TTGGCGGGTGATTACG-1	65624
TTGGCTACAACTAACT-1	21600
TTGGCTACACGTGCTG-1	18222
TTGGCTACAGTACCGT-1	16962
TTGGCTACATGCTTAG-1	19513
TTGGCTGAGGGCCATC-1	13921
TTGGCTTGTCAATAGT-1	4888
TTGGCTTGTCACGAAC-1	15636
TTGGGCCAGAAGCTAG-1	28776
TTGGGCCAGTTATGGC-1	4523
TTGGGCGGTTAATGCG-1	19339
TTGGGTTAGAGGCTAA-1	15945
TTGGGTTAGCTAAAGG-1	16249
TTGGGTTAGGATTGAG-1	21655
TTGGTGAGTGCTGGTG-1	4861
TTGGTGAGTGCTTACT-1	18058
TTGGTGAGTTCCTCCT-1	14449
TTGTAAGTCCGCATGA-1	17401
TTGTCCATCATTATGG-1	42713
TTGTCCATCTTAAGTG-1	28472
TTGTCCCAGAGAGGAG-1	68964
TTGTCCCAGCGGGCAA-1	93637
TTGTCCCAGTGGCGGA-1	28934
TTGTCCGGTGTTAGCA-1	26724
TTGTGAGGTTTGAGCA-1	21714
TTGTGCCTCAGGATGA-1	2911
TTGTGCCTCATTGTTC-1	35244
TTGTGCCTCCTTCTAG-1	20388
TTGTGCCTCGGGATTT-1	3651
TTGTGTGCACAGGATG-1	18166
TTGTTCCCACTGACCG-1	25970
TTGTTCCCAGGCTTGT-1	12749
TTGTTCCCATAATGTC-1	15497
TTGTTCCCATGTTGGC-1	20980
TTGTTGCGTACGATTG-1	18438
TTGTTGCGTGCTTACT-1	7191
TTGTTGCGTTCCAGGG-1	22550
TTTAACCTCATGGCTG-1	31874
TTTAACCTCGTTATAG-1	16833
TTTAACCTCTGCAACG-1	10456
TTTAACCTCTTGGATA-1	14607
TTTAACGAGCTTTGTT-1	44508
TTTAACGAGTTAGAGG-1	21010
TTTAAGGTCATAATCG-1	54557
TTTAAGGTCGTTAGTA-1	85951
TTTACGAAGCTGTCAG-1	25651
TTTACGAAGTTCCTGC-1	42032
TTTACGCGTTTGCAGA-1	27298
TTTAGCAAGTTAACCA-1	27855
TTTAGGATCAAGCTTA-1	17173
TTTAGGATCGTTAGTA-1	15321
TTTAGGATCTGTTGCC-1	22664
TTTATGGAGCATGACT-1	15060
TTTATGGAGCATGGTT-1	18675
TTTCACCCAGTTTCTC-1	80801
TTTCATCAGCACTAAC-1	32312
TTTCATCAGGCCGGAA-1	17580
TTTCATCAGTTATTCC-1	19009
TTTCCGGGTATTGTCC-1	45919
TTTCCGGGTATTTGGG-1	49846
TTTCCGGGTTAGCGTA-1	16495
TTTCCTGAGCAAGGAC-1	21532
TTTCCTGAGCATGTCG-1	18205
TTTCCTGAGGAAGCTA-1	12819
TTTCGTCCAATAACGA-1	17252
TTTCTCACAATGCCTA-1	19423
TTTCTTGCAACAGGTG-1	31507
TTTCTTGCACGAATCC-1	26501
TTTCTTGCATCCTAGA-1	11623
TTTGACCGTGAAACAA-1	21624
TTTGACCGTTAACACG-1	30880
TTTGACCGTTACCGGG-1	17839
TTTGACCGTTCATTTG-1	15598
TTTGACTTCAAACACC-1	76816
TTTGACTTCAAGTGAG-1	16880
TTTGACTTCAGGAACA-1	62367
TTTGACTTCTAAGTGC-1	28144
TTTGAGTCACCAACCG-1	38002
TTTGAGTCACCTCAGG-1	8685
TTTGAGTCAGGTTACC-1	5045
TTTGCATTCACGCATG-1	48067
TTTGCGACAGCAAGAT-1	63876
TTTGCGACAGTTAAAG-1	29048
TTTGCGGAGCGCTAAT-1	4417
TTTGGTAAGACACCGC-1	5245
TTTGGTAAGCAAACCT-1	31625
TTTGGTAAGCCTCTGT-1	31708
TTTGGTAAGCTTAGTA-1	26172
TTTGGTAAGTGAGCAA-1	12575
TTTGGTGCATTGTGGC-1	27925
TTTGTCTAGACTTACA-1	20063
TTTGTCTAGTCAGGCC-1	5428
TTTGTGAAGGGTGAAC-1	39506
TTTGTGTTCAATGTCA-1	81667
TTTGTTGGTCGTAAAT-1	16706
TTTGTTGGTTACTAGG-1	32424
