offset	insertions
-2000	8169
-1999	8719
-1998	8367
-1997	8188
-1996	8004
-1995	8342
-1994	8633
-1993	7992
-1992	7592
-1991	7953
-1990	7801
-1989	7926
-1988	8140
-1987	7665
-1986	7708
-1985	8188
-1984	8133
-1983	8107
-1982	7910
-1981	7515
-1980	7742
-1979	8121
-1978	8131
-1977	8075
-1976	7943
-1975	7799
-1974	8435
-1973	8188
-1972	8171
-1971	7964
-1970	7611
-1969	8014
-1968	8789
-1967	8429
-1966	7960
-1965	8547
-1964	8780
-1963	7685
-1962	7788
-1961	8276
-1960	7806
-1959	8043
-1958	8029
-1957	8317
-1956	8357
-1955	7808
-1954	8088
-1953	7978
-1952	8094
-1951	8449
-1950	8045
-1949	8568
-1948	8370
-1947	8859
-1946	8945
-1945	8425
-1944	8066
-1943	8577
-1942	8788
-1941	8667
-1940	8595
-1939	7884
-1938	7784
-1937	8007
-1936	8441
-1935	8778
-1934	8445
-1933	8280
-1932	8723
-1931	8308
-1930	8794
-1929	8163
-1928	8187
-1927	8276
-1926	8422
-1925	8166
-1924	8174
-1923	8643
-1922	8645
-1921	8455
-1920	8445
-1919	8202
-1918	8107
-1917	8333
-1916	8648
-1915	9005
-1914	8688
-1913	8183
-1912	7914
-1911	8064
-1910	8005
-1909	8452
-1908	8376
-1907	8576
-1906	8407
-1905	8274
-1904	8407
-1903	8650
-1902	8825
-1901	8699
-1900	7990
-1899	8197
-1898	8434
-1897	8749
-1896	8374
-1895	8381
-1894	7888
-1893	8182
-1892	8515
-1891	8443
-1890	8457
-1889	8857
-1888	8631
-1887	9106
-1886	8465
-1885	8236
-1884	8337
-1883	8277
-1882	8549
-1881	8762
-1880	8773
-1879	8818
-1878	8855
-1877	8698
-1876	8729
-1875	8488
-1874	8582
-1873	8819
-1872	8509
-1871	8635
-1870	8349
-1869	8421
-1868	8070
-1867	8362
-1866	8917
-1865	8749
-1864	9119
-1863	8665
-1862	8330
-1861	8424
-1860	8615
-1859	8755
-1858	9252
-1857	9197
-1856	8840
-1855	8283
-1854	8465
-1853	8641
-1852	8487
-1851	8482
-1850	8392
-1849	8493
-1848	9097
-1847	8588
-1846	8641
-1845	9220
-1844	8598
-1843	9198
-1842	9050
-1841	8263
-1840	8369
-1839	8671
-1838	8860
-1837	8710
-1836	8678
-1835	8953
-1834	8794
-1833	8769
-1832	8553
-1831	8432
-1830	8282
-1829	8801
-1828	9022
-1827	8764
-1826	8141
-1825	8468
-1824	8629
-1823	9351
-1822	8838
-1821	8147
-1820	8756
-1819	8743
-1818	8780
-1817	8742
-1816	8469
-1815	8709
-1814	8855
-1813	8627
-1812	8448
-1811	8507
-1810	8688
-1809	9213
-1808	8655
-1807	8929
-1806	8973
-1805	8869
-1804	8648
-1803	8379
-1802	8377
-1801	8345
-1800	8628
-1799	9086
-1798	8505
-1797	8430
-1796	8600
-1795	8238
-1794	8600
-1793	9119
-1792	8722
-1791	8826
-1790	8847
-1789	8925
-1788	8563
-1787	8761
-1786	9015
-1785	9070
-1784	8548
-1783	8525
-1782	8900
-1781	9136
-1780	9406
-1779	9188
-1778	8873
-1777	9186
-1776	8730
-1775	8594
-1774	8656
-1773	8648
-1772	8861
-1771	8795
-1770	8610
-1769	8939
-1768	8718
-1767	8548
-1766	8776
-1765	8773
-1764	8912
-1763	8976
-1762	9147
-1761	9022
-1760	8966
-1759	9148
-1758	8862
-1757	8993
-1756	9082
-1755	9102
-1754	8561
-1753	8203
-1752	8124
-1751	8982
-1750	9556
-1749	9312
-1748	8646
-1747	8485
-1746	8717
-1745	8999
-1744	8953
-1743	8614
-1742	8997
-1741	8899
-1740	8728
-1739	9013
-1738	8818
-1737	8768
-1736	8718
-1735	8737
-1734	9001
-1733	9172
-1732	9014
-1731	8532
-1730	8883
-1729	9170
-1728	8660
-1727	8715
-1726	9136
-1725	9012
-1724	9064
-1723	8588
-1722	9075
-1721	9435
-1720	9429
-1719	8822
-1718	8271
-1717	8371
-1716	8981
-1715	9277
-1714	9050
-1713	8162
-1712	8659
-1711	9208
-1710	9114
-1709	8660
-1708	8522
-1707	9293
-1706	9264
-1705	9043
-1704	9010
-1703	8667
-1702	9134
-1701	9441
-1700	8961
-1699	8675
-1698	8852
-1697	8901
-1696	8994
-1695	8597
-1694	8919
-1693	9158
-1692	9014
-1691	8809
-1690	9190
-1689	9182
-1688	8752
-1687	8930
-1686	8765
-1685	8752
-1684	8683
-1683	9113
-1682	9055
-1681	9050
-1680	8886
-1679	8950
-1678	9484
-1677	9150
-1676	8947
-1675	8705
-1674	8986
-1673	8970
-1672	8929
-1671	9720
-1670	9102
-1669	8230
-1668	8876
-1667	9092
-1666	9271
-1665	9021
-1664	8680
-1663	9248
-1662	8860
-1661	8811
-1660	8834
-1659	8868
-1658	9068
-1657	8857
-1656	9147
-1655	9096
-1654	8735
-1653	8909
-1652	8840
-1651	8660
-1650	8970
-1649	9077
-1648	8999
-1647	8796
-1646	9069
-1645	9530
-1644	8959
-1643	9300
-1642	8943
-1641	9172
-1640	9629
-1639	9228
-1638	9414
-1637	9351
-1636	9021
-1635	9544
-1634	9242
-1633	8995
-1632	9655
-1631	9854
-1630	9718
-1629	9586
-1628	9042
-1627	9677
-1626	9182
-1625	9693
-1624	9492
-1623	9144
-1622	9004
-1621	9460
-1620	9638
-1619	9156
-1618	8929
-1617	8819
-1616	9233
-1615	9578
-1614	9531
-1613	8868
-1612	8676
-1611	8609
-1610	9381
-1609	9603
-1608	9464
-1607	9273
-1606	9285
-1605	10098
-1604	9905
-1603	8920
-1602	9335
-1601	8978
-1600	9510
-1599	9618
-1598	8990
-1597	9034
-1596	9142
-1595	9743
-1594	9700
-1593	9051
-1592	9071
-1591	9306
-1590	9455
-1589	9428
-1588	8618
-1587	8859
-1586	9960
-1585	9602
-1584	9163
-1583	9242
-1582	9257
-1581	10020
-1580	10463
-1579	9974
-1578	9510
-1577	9070
-1576	9185
-1575	9628
-1574	9346
-1573	9761
-1572	9572
-1571	10040
-1570	10025
-1569	9453
-1568	9298
-1567	9462
-1566	9766
-1565	9432
-1564	8580
-1563	9167
-1562	9248
-1561	9718
-1560	9732
-1559	9320
-1558	9744
-1557	10395
-1556	10134
-1555	10090
-1554	9310
-1553	9968
-1552	9966
-1551	9932
-1550	10038
-1549	9397
-1548	9860
-1547	9344
-1546	9964
-1545	10058
-1544	9556
-1543	9309
-1542	8959
-1541	9754
-1540	10113
-1539	9951
-1538	9784
-1537	9692
-1536	10101
-1535	10261
-1534	9947
-1533	9499
-1532	9403
-1531	10020
-1530	9972
-1529	9592
-1528	9297
-1527	9800
-1526	9964
-1525	10001
-1524	9811
-1523	9518
-1522	9852
-1521	9488
-1520	10048
-1519	10318
-1518	10301
-1517	9888
-1516	9921
-1515	10159
-1514	10047
-1513	10745
-1512	10492
-1511	10137
-1510	10574
-1509	10495
-1508	9836
-1507	9590
-1506	10077
-1505	10419
-1504	10091
-1503	10264
-1502	9971
-1501	10098
-1500	10557
-1499	10182
-1498	10153
-1497	10216
-1496	10224
-1495	10526
-1494	10177
-1493	10080
-1492	10444
-1491	10373
-1490	10694
-1489	10154
-1488	10291
-1487	11056
-1486	10728
-1485	10394
-1484	10510
-1483	11077
-1482	11043
-1481	10491
-1480	10665
-1479	10919
-1478	10653
-1477	10834
-1476	10570
-1475	10714
-1474	11473
-1473	10705
-1472	10511
-1471	10702
-1470	10511
-1469	10467
-1468	10597
-1467	10337
-1466	10554
-1465	10796
-1464	11319
-1463	10959
-1462	10621
-1461	10443
-1460	11010
-1459	11379
-1458	10454
-1457	10573
-1456	10260
-1455	10481
-1454	11313
-1453	11359
-1452	10569
-1451	10292
-1450	10174
-1449	11197
-1448	11343
-1447	10890
-1446	10375
-1445	10372
-1444	11042
-1443	11323
-1442	11689
-1441	11176
-1440	10780
-1439	10733
-1438	11037
-1437	11064
-1436	10908
-1435	10954
-1434	10691
-1433	10669
-1432	10850
-1431	10621
-1430	11012
-1429	10974
-1428	10528
-1427	11198
-1426	10713
-1425	10190
-1424	10250
-1423	11470
-1422	11569
-1421	11678
-1420	11381
-1419	10883
-1418	10539
-1417	10809
-1416	12131
-1415	12624
-1414	11474
-1413	11455
-1412	10845
-1411	11556
-1410	11786
-1409	11608
-1408	11519
-1407	10609
-1406	11018
-1405	11607
-1404	11537
-1403	11066
-1402	10577
-1401	11178
-1400	11480
-1399	11508
-1398	11471
-1397	11238
-1396	11166
-1395	11335
-1394	11307
-1393	11866
-1392	10973
-1391	10843
-1390	11576
-1389	11372
-1388	11699
-1387	11140
-1386	11195
-1385	11920
-1384	11611
-1383	11650
-1382	11599
-1381	11464
-1380	11830
-1379	12008
-1378	11581
-1377	11598
-1376	11912
-1375	11924
-1374	11893
-1373	11589
-1372	11607
-1371	12213
-1370	11862
-1369	11887
-1368	12139
-1367	11471
-1366	11398
-1365	11440
-1364	11664
-1363	11428
-1362	11043
-1361	10761
-1360	11305
-1359	11664
-1358	12144
-1357	11937
-1356	11332
-1355	11536
-1354	12046
-1353	11282
-1352	11600
-1351	11926
-1350	12004
-1349	11778
-1348	11541
-1347	11406
-1346	11797
-1345	11538
-1344	11218
-1343	11822
-1342	11565
-1341	11952
-1340	11795
-1339	11264
-1338	12053
-1337	12474
-1336	12719
-1335	12830
-1334	12475
-1333	12091
-1332	12281
-1331	12168
-1330	12068
-1329	11287
-1328	11740
-1327	11707
-1326	12576
-1325	13139
-1324	11862
-1323	11787
-1322	11890
-1321	12228
-1320	12327
-1319	12318
-1318	12753
-1317	12288
-1316	12587
-1315	11950
-1314	12059
-1313	11958
-1312	11793
-1311	12093
-1310	12193
-1309	11895
-1308	11797
-1307	12690
-1306	12562
-1305	11932
-1304	12139
-1303	12597
-1302	12805
-1301	12562
-1300	11337
-1299	12030
-1298	12873
-1297	12757
-1296	12500
-1295	12683
-1294	12018
-1293	11989
-1292	11870
-1291	11894
-1290	12203
-1289	12212
-1288	11894
-1287	11933
-1286	12026
-1285	13003
-1284	12306
-1283	11996
-1282	11880
-1281	12425
-1280	12446
-1279	11956
-1278	11892
-1277	12580
-1276	12812
-1275	12644
-1274	12228
-1273	12427
-1272	12471
-1271	12033
-1270	12249
-1269	12267
-1268	12607
-1267	12787
-1266	12742
-1265	12857
-1264	12549
-1263	13134
-1262	13229
-1261	13040
-1260	12114
-1259	12457
-1258	12764
-1257	13221
-1256	12417
-1255	12112
-1254	12424
-1253	12847
-1252	13193
-1251	12628
-1250	12558
-1249	12978
-1248	13034
-1247	13198
-1246	12767
-1245	13060
-1244	12764
-1243	12441
-1242	12104
-1241	13179
-1240	12837
-1239	12761
-1238	13003
-1237	12943
-1236	12892
-1235	13399
-1234	13427
-1233	13416
-1232	13339
-1231	12907
-1230	12756
-1229	12854
-1228	12746
-1227	12901
-1226	13046
-1225	13000
-1224	12386
-1223	12809
-1222	13189
-1221	13130
-1220	12914
-1219	12343
-1218	12872
-1217	13288
-1216	13536
-1215	13214
-1214	13066
-1213	13346
-1212	13717
-1211	13536
-1210	13475
-1209	13147
-1208	12897
-1207	13364
-1206	14086
-1205	13990
-1204	13441
-1203	13147
-1202	13581
-1201	13296
-1200	13258
-1199	12919
-1198	13488
-1197	13167
-1196	13314
-1195	13358
-1194	13056
-1193	13827
-1192	13472
-1191	13809
-1190	13315
-1189	13272
-1188	13430
-1187	13304
-1186	14084
-1185	13389
-1184	13210
-1183	13596
-1182	14099
-1181	14509
-1180	13485
-1179	12933
-1178	13605
-1177	13433
-1176	13640
-1175	14408
-1174	14563
-1173	13527
-1172	13410
-1171	13688
-1170	13287
-1169	13626
-1168	14141
-1167	14678
-1166	14003
-1165	13277
-1164	13996
-1163	13486
-1162	13794
-1161	14328
-1160	14321
-1159	13491
-1158	13516
-1157	13728
-1156	14944
-1155	14564
-1154	14617
-1153	14550
-1152	14379
-1151	14920
-1150	14490
-1149	14677
-1148	13985
-1147	13919
-1146	14213
-1145	14665
-1144	15109
-1143	14813
-1142	14157
-1141	14051
-1140	14228
-1139	14572
-1138	13863
-1137	14123
-1136	14583
-1135	14997
-1134	15189
-1133	14884
-1132	14643
-1131	13957
-1130	14608
-1129	14227
-1128	14611
-1127	15256
-1126	15252
-1125	14647
-1124	14990
-1123	14568
-1122	15200
-1121	14531
-1120	14554
-1119	14420
-1118	14399
-1117	15456
-1116	15103
-1115	14446
-1114	14396
-1113	14639
-1112	14756
-1111	14540
-1110	14867
-1109	14545
-1108	14549
-1107	14512
-1106	14484
-1105	14652
-1104	14736
-1103	15416
-1102	15270
-1101	15124
-1100	15630
-1099	15468
-1098	15245
-1097	15459
-1096	14756
-1095	14837
-1094	15418
-1093	15055
-1092	14551
-1091	15195
-1090	15193
-1089	15369
-1088	15527
-1087	15211
-1086	15831
-1085	15520
-1084	15728
-1083	16920
-1082	15684
-1081	15398
-1080	14796
-1079	15526
-1078	15609
-1077	15621
-1076	14993
-1075	15318
-1074	16085
-1073	15092
-1072	15383
-1071	15522
-1070	15657
-1069	16075
-1068	16395
-1067	15581
-1066	15705
-1065	15421
-1064	15490
-1063	15231
-1062	16085
-1061	15447
-1060	15945
-1059	15658
-1058	15345
-1057	15921
-1056	16263
-1055	16379
-1054	16227
-1053	15718
-1052	15715
-1051	15373
-1050	16265
-1049	15983
-1048	15679
-1047	15427
-1046	15812
-1045	16606
-1044	16374
-1043	15810
-1042	16672
-1041	16398
-1040	16719
-1039	16629
-1038	16059
-1037	15097
-1036	15995
-1035	17565
-1034	16733
-1033	16069
-1032	15784
-1031	16130
-1030	16187
-1029	16091
-1028	16310
-1027	16070
-1026	15857
-1025	16259
-1024	16501
-1023	16303
-1022	16437
-1021	16264
-1020	17233
-1019	17145
-1018	17115
-1017	16727
-1016	16229
-1015	16491
-1014	17530
-1013	17055
-1012	17109
-1011	16887
-1010	16709
-1009	16486
-1008	16980
-1007	17879
-1006	17342
-1005	17756
-1004	17269
-1003	16530
-1002	17406
-1001	18024
-1000	18267
-999	17192
-998	16510
-997	16491
-996	17287
-995	18013
-994	18174
-993	17236
-992	16815
-991	17523
-990	18863
-989	18829
-988	17690
-987	16686
-986	17552
-985	17886
-984	18094
-983	18256
-982	17689
-981	17821
-980	18524
-979	18417
-978	17216
-977	17036
-976	18636
-975	18083
-974	17342
-973	17788
-972	17206
-971	18249
-970	17806
-969	18198
-968	18574
-967	18020
-966	18357
-965	18724
-964	17774
-963	17382
-962	18150
-961	18267
-960	18209
-959	17705
-958	18028
-957	18339
-956	18493
-955	18508
-954	18622
-953	18569
-952	17874
-951	18458
-950	18628
-949	18594
-948	18391
-947	18061
-946	19153
-945	18620
-944	18114
-943	18557
-942	19085
-941	19168
-940	18655
-939	18587
-938	18189
-937	18468
-936	20219
-935	19720
-934	18639
-933	18906
-932	18647
-931	19469
-930	18979
-929	18545
-928	18378
-927	18818
-926	18577
-925	19199
-924	19548
-923	19449
-922	19203
-921	18808
-920	19840
-919	19541
-918	18959
-917	19960
-916	20014
-915	19880
-914	20113
-913	19435
-912	19678
-911	19123
-910	19742
-909	20261
-908	19847
-907	20038
-906	19739
-905	19503
-904	20247
-903	19314
-902	19792
-901	20109
-900	19570
-899	19888
-898	20632
-897	20329
-896	19068
-895	19831
-894	20265
-893	20805
-892	20681
-891	20620
-890	20332
-889	20267
-888	20823
-887	20663
-886	19860
-885	20310
-884	20412
-883	20015
-882	20003
-881	20302
-880	20433
-879	20376
-878	20677
-877	20211
-876	20116
-875	20782
-874	20709
-873	22079
-872	22087
-871	20721
-870	21011
-869	20492
-868	21120
-867	21295
-866	20401
-865	21061
-864	21253
-863	20408
-862	21440
-861	22166
-860	21663
-859	20772
-858	20389
-857	21325
-856	21914
-855	22268
-854	22647
-853	21855
-852	21211
-851	22231
-850	22321
-849	22488
-848	22515
-847	22424
-846	22132
-845	22445
-844	22039
-843	21812
-842	21305
-841	21087
-840	22150
-839	22946
-838	23152
-837	22363
-836	21928
-835	21352
-834	22859
-833	21910
-832	21778
-831	22198
-830	22299
-829	22564
-828	22378
-827	22736
-826	22743
-825	22920
-824	22333
-823	23172
-822	22978
-821	22514
-820	23288
-819	23333
-818	22573
-817	22948
-816	22295
-815	22764
-814	21688
-813	22647
-812	22725
-811	22731
-810	23296
-809	23048
-808	22992
-807	23720
-806	23139
-805	22742
-804	23156
-803	24028
-802	23351
-801	21985
-800	22707
-799	23331
-798	23237
-797	23773
-796	23522
-795	23477
-794	23748
-793	23766
-792	24056
-791	24758
-790	23605
-789	23240
-788	23847
-787	24032
-786	24424
-785	24017
-784	23673
-783	23544
-782	23947
-781	23600
-780	23926
-779	24215
-778	24158
-777	24564
-776	24122
-775	23879
-774	24601
-773	25165
-772	25839
-771	25826
-770	24949
-769	24791
-768	25375
-767	24882
-766	25750
-765	24920
-764	24643
-763	25343
-762	25779
-761	24969
-760	24948
-759	24912
-758	25614
-757	25258
-756	25289
-755	25167
-754	25844
-753	25841
-752	24542
-751	25556
-750	26227
-749	25754
-748	26210
-747	25088
-746	26321
-745	25862
-744	26955
-743	26915
-742	26139
-741	25493
-740	25969
-739	27402
-738	26853
-737	26189
-736	27320
-735	26331
-734	26281
-733	27052
-732	26985
-731	27466
-730	26416
-729	26614
-728	27328
-727	27524
-726	27978
-725	26748
-724	26704
-723	27576
-722	27978
-721	27537
-720	26556
-719	26624
-718	28024
-717	28722
-716	28125
-715	27745
-714	27341
-713	27793
-712	28350
-711	27805
-710	27400
-709	27868
-708	28274
-707	28069
-706	28627
-705	28127
-704	27964
-703	28606
-702	28063
-701	27857
-700	28520
-699	28477
-698	28667
-697	28902
-696	28578
-695	28674
-694	27671
-693	28772
-692	28998
-691	28598
-690	29213
-689	29821
-688	28966
-687	28989
-686	28792
-685	28811
-684	29755
-683	29477
-682	29300
-681	28949
-680	29490
-679	30193
-678	29363
-677	29744
-676	30764
-675	30508
-674	30575
-673	29863
-672	29818
-671	29723
-670	30395
-669	30606
-668	30268
-667	30393
-666	30618
-665	29513
-664	30253
-663	30145
-662	30576
-661	31484
-660	31306
-659	30168
-658	30308
-657	32273
-656	31041
-655	30765
-654	31568
-653	31681
-652	30530
-651	31173
-650	31670
-649	31308
-648	31572
-647	31857
-646	31569
-645	29760
-644	30448
-643	31312
-642	32071
-641	32155
-640	31749
-639	31569
-638	32631
-637	32087
-636	31997
-635	31681
-634	32005
-633	31574
-632	31935
-631	32746
-630	31735
-629	31144
-628	32326
-627	33571
-626	33355
-625	33687
-624	32698
-623	32973
-622	33115
-621	33765
-620	33261
-619	33898
-618	33666
-617	32729
-616	32758
-615	32734
-614	33701
-613	33726
-612	35104
-611	35655
-610	33842
-609	33026
-608	33531
-607	33981
-606	34101
-605	35133
-604	33998
-603	33352
-602	33838
-601	34578
-600	34194
-599	34143
-598	34535
-597	33816
-596	34432
-595	34537
-594	34711
-593	34534
-592	34596
-591	35284
-590	35188
-589	34953
-588	34051
-587	34256
-586	35462
-585	35565
-584	35476
-583	36965
-582	35479
-581	34486
-580	34175
-579	37088
-578	37502
-577	36345
-576	34762
-575	35797
-574	37013
-573	37977
-572	37463
-571	36756
-570	36732
-569	36558
-568	36057
-567	37623
-566	37108
-565	35484
-564	35450
-563	36589
-562	37077
-561	38567
-560	37182
-559	35952
-558	37146
-557	38599
-556	39213
-555	37255
-554	36318
-553	37378
-552	37677
-551	39800
-550	38467
-549	38118
-548	38532
-547	37635
-546	38792
-545	39528
-544	39565
-543	38997
-542	37904
-541	39354
-540	39402
-539	39067
-538	40081
-537	39526
-536	40042
-535	40840
-534	41679
-533	40440
-532	39968
-531	39503
-530	41128
-529	41356
-528	41795
-527	42198
-526	40734
-525	41668
-524	39999
-523	39551
-522	41790
-521	40454
-520	41894
-519	42452
-518	41323
-517	41246
-516	41818
-515	41729
-514	40997
-513	41496
-512	43869
-511	42412
-510	43271
-509	42924
-508	41727
-507	43487
-506	41298
-505	42182
-504	42713
-503	43557
-502	43506
-501	42899
-500	43712
-499	43877
-498	43319
-497	44906
-496	45228
-495	43718
-494	44308
-493	43997
-492	42978
-491	42218
-490	44537
-489	44614
-488	44865
-487	45258
-486	44221
-485	43925
-484	44789
-483	44791
-482	45830
-481	45213
-480	44706
-479	45386
-478	45889
-477	45992
-476	46289
-475	45732
-474	44645
-473	44304
-472	46977
-471	47374
-470	47482
-469	48111
-468	47353
-467	47071
-466	47221
-465	47031
-464	48263
-463	47450
-462	47689
-461	46367
-460	47573
-459	48098
-458	47943
-457	49529
-456	48791
-455	47788
-454	47727
-453	48163
-452	50049
-451	49215
-450	49441
-449	49423
-448	48414
-447	47862
-446	47740
-445	48653
-444	48615
-443	49690
-442	50836
-441	49172
-440	50273
-439	51477
-438	50158
-437	49685
-436	49357
-435	50355
-434	52867
-433	51340
-432	51186
-431	51766
-430	51235
-429	51060
-428	51620
-427	51382
-426	51398
-425	51899
-424	50769
-423	51108
-422	52330
-421	52065
-420	52600
-419	53023
-418	53025
-417	55457
-416	54411
-415	51154
-414	52186
-413	53664
-412	53942
-411	54831
-410	54138
-409	54598
-408	53076
-407	53262
-406	53576
-405	55428
-404	55864
-403	55331
-402	54417
-401	55266
-400	55340
-399	55945
-398	56122
-397	57613
-396	56029
-395	56417
-394	57123
-393	57793
-392	56537
-391	56018
-390	57428
-389	58439
-388	57808
-387	56339
-386	56632
-385	57763
-384	57067
-383	57883
-382	58400
-381	57108
-380	57275
-379	59496
-378	60574
-377	58915
-376	57387
-375	59216
-374	60635
-373	60705
-372	62011
-371	60980
-370	59651
-369	60725
-368	60521
-367	61484
-366	62696
-365	62118
-364	62894
-363	62824
-362	63015
-361	63973
-360	62136
-359	61928
-358	62595
-357	63654
-356	64902
-355	63495
-354	63108
-353	63519
-352	65010
-351	66581
-350	65775
-349	64660
-348	66419
-347	66091
-346	66938
-345	67238
-344	66582
-343	68065
-342	67705
-341	68281
-340	67771
-339	65313
-338	68325
-337	68130
-336	67015
-335	67952
-334	67418
-333	68381
-332	67615
-331	67717
-330	68871
-329	69188
-328	73143
-327	72293
-326	70944
-325	71078
-324	69988
-323	72360
-322	71439
-321	72434
-320	73537
-319	73115
-318	73845
-317	73500
-316	72304
-315	73039
-314	72638
-313	72988
-312	72911
-311	72521
-310	72761
-309	73483
-308	75066
-307	75493
-306	74875
-305	76260
-304	75924
-303	76885
-302	79049
-301	77586
-300	76831
-299	77952
-298	76818
-297	78704
-296	78924
-295	76615
-294	78915
-293	78197
-292	77781
-291	78811
-290	78606
-289	78410
-288	78307
-287	77703
-286	80026
-285	79942
-284	81353
-283	81329
-282	78278
-281	79841
-280	80176
-279	79543
-278	78583
-277	80793
-276	83775
-275	83034
-274	82439
-273	82895
-272	81820
-271	84458
-270	85582
-269	83935
-268	82332
-267	83394
-266	80990
-265	82813
-264	84753
-263	84735
-262	84336
-261	85643
-260	84829
-259	85668
-258	84660
-257	83732
-256	85856
-255	85395
-254	85427
-253	85144
-252	84904
-251	85603
-250	86196
-249	88641
-248	87478
-247	86802
-246	88977
-245	88833
-244	90475
-243	90289
-242	88995
-241	88231
-240	88538
-239	89397
-238	91751
-237	93896
-236	90961
-235	90681
-234	90613
-233	88782
-232	90087
-231	92106
-230	91345
-229	91443
-228	90354
-227	94111
-226	95090
-225	93856
-224	93427
-223	93437
-222	93486
-221	95067
-220	96760
-219	94320
-218	95287
-217	95956
-216	99384
-215	99673
-214	95466
-213	97693
-212	97803
-211	98399
-210	100270
-209	101209
-208	101180
-207	101679
-206	103011
-205	103207
-204	102466
-203	101055
-202	101422
-201	104457
-200	103403
-199	103176
-198	103329
-197	104354
-196	106041
-195	106310
-194	108580
-193	107783
-192	108537
-191	108798
-190	106877
-189	107423
-188	108147
-187	109068
-186	111661
-185	110708
-184	112134
-183	113534
-182	112703
-181	116434
-180	117470
-179	114111
-178	113693
-177	113298
-176	113785
-175	115203
-174	117573
-173	119001
-172	119527
-171	122730
-170	122518
-169	120432
-168	121049
-167	124568
-166	122967
-165	123988
-164	125652
-163	127034
-162	128041
-161	130254
-160	130444
-159	131400
-158	131942
-157	131023
-156	136333
-155	137153
-154	132724
-153	136093
-152	136922
-151	136344
-150	137185
-149	138217
-148	138837
-147	139412
-146	143811
-145	146844
-144	146334
-143	144271
-142	142309
-141	147046
-140	150271
-139	148403
-138	147048
-137	145056
-136	148501
-135	151809
-134	151748
-133	153038
-132	153070
-131	155607
-130	154637
-129	154708
-128	156206
-127	154492
-126	158245
-125	161103
-124	162888
-123	165734
-122	166803
-121	167123
-120	167776
-119	163946
-118	163461
-117	163701
-116	166173
-115	170219
-114	173424
-113	173229
-112	174114
-111	176233
-110	175932
-109	172119
-108	172442
-107	174098
-106	172841
-105	176069
-104	175937
-103	176928
-102	179905
-101	180539
-100	185292
-99	185056
-98	184123
-97	182196
-96	177353
-95	180900
-94	184165
-93	186668
-92	183673
-91	186170
-90	193790
-89	192232
-88	190642
-87	188571
-86	188711
-85	194020
-84	193330
-83	193325
-82	193181
-81	195586
-80	198006
-79	197747
-78	196004
-77	196054
-76	195977
-75	194469
-74	191328
-73	192699
-72	197696
-71	197150
-70	199046
-69	197616
-68	197936
-67	200733
-66	200613
-65	198071
-64	193396
-63	192096
-62	190001
-61	194704
-60	197939
-59	195108
-58	193786
-57	192435
-56	196639
-55	198090
-54	194554
-53	194594
-52	199808
-51	203960
-50	205761
-49	205773
-48	204980
-47	204673
-46	203335
-45	203024
-44	199057
-43	191780
-42	192831
-41	191072
-40	189045
-39	191745
-38	189597
-37	194697
-36	194673
-35	190262
-34	179305
-33	170985
-32	179373
-31	186620
-30	195571
-29	202765
-28	211302
-27	226242
-26	227531
-25	218438
-24	199878
-23	184582
-22	183247
-21	183519
-20	176492
-19	168869
-18	166399
-17	174018
-16	182882
-15	184466
-14	181655
-13	175882
-12	171805
-11	189742
-10	194605
-9	181043
-8	167279
-7	165178
-6	189710
-5	176890
-4	150090
-3	149534
-2	175603
-1	231124
0	233783
1	192885
2	159747
3	148611
4	185463
5	202152
6	179773
7	165162
8	162507
9	164350
10	158535
11	155784
12	150474
13	143932
14	144449
15	152510
16	161529
17	159168
18	157474
19	157411
20	157505
21	162196
22	164179
23	160411
24	155266
25	151262
26	153976
27	150419
28	143019
29	135864
30	132210
31	135384
32	136209
33	141257
34	140465
35	139374
36	139553
37	138566
38	138920
39	136032
40	133934
41	131241
42	126404
43	123893
44	122687
45	117442
46	115620
47	114429
48	116307
49	119187
50	117799
51	118226
52	115367
53	113868
54	113051
55	109120
56	106789
57	105089
58	102680
59	101497
60	99045
61	100731
62	103156
63	102256
64	101142
65	96297
66	94902
67	93046
68	93119
69	90268
70	87988
71	85442
72	85476
73	86074
74	86281
75	84370
76	83562
77	80202
78	78508
79	77644
80	76651
81	74289
82	73491
83	72505
84	71252
85	72064
86	70993
87	69228
88	68429
89	67320
90	65876
91	65336
92	63929
93	63900
94	63113
95	63676
96	63963
97	61043
98	60867
99	61851
100	60180
101	58771
102	56231
103	56483
104	56805
105	56952
106	56191
107	55804
108	55858
109	55376
110	55302
111	55447
112	52324
113	53653
114	53679
115	53694
116	53443
117	50963
118	50353
119	51184
120	50291
121	49285
122	49216
123	49183
124	49607
125	49945
126	50141
127	50255
128	49204
129	48197
130	48086
131	48328
132	49071
133	49373
134	49804
135	49002
136	47860
137	47919
138	47930
139	49047
140	48885
141	48117
142	48165
143	47346
144	49144
145	48422
146	48380
147	47983
148	47734
149	47838
150	48601
151	49332
152	49627
153	48335
154	50286
155	49306
156	50003
157	49433
158	49758
159	50924
160	51573
161	51810
162	52951
163	52793
164	52800
165	52785
166	53632
167	53165
168	55061
169	55841
170	56907
171	57021
172	55795
173	56578
174	57143
175	57625
176	58236
177	58391
178	59579
179	61133
180	63657
181	63644
182	63135
183	62420
184	62239
185	62894
186	62275
187	63132
188	64728
189	66682
190	67834
191	68529
192	69998
193	70047
194	69574
195	69252
196	68014
197	67870
198	66179
199	69106
200	70406
201	71999
202	72848
203	72257
204	72611
205	70540
206	72292
207	72354
208	71099
209	68819
210	71984
211	72782
212	72611
213	72696
214	72379
215	72882
216	72219
217	71828
218	72151
219	72949
220	71516
221	71501
222	72825
223	73748
224	71428
225	70137
226	69477
227	70525
228	71000
229	70598
230	69608
231	68314
232	69942
233	70782
234	69446
235	66677
236	67916
237	67583
238	66073
239	66878
240	65708
241	66126
242	65928
243	64429
244	64321
245	65074
246	63859
247	63581
248	63571
249	63189
250	62166
251	61696
252	61378
253	60984
254	61187
255	58530
256	58817
257	59219
258	58467
259	57844
260	57125
261	58039
262	58545
263	57114
264	56639
265	55844
266	55310
267	55918
268	55689
269	55980
270	55131
271	54784
272	55423
273	54849
274	54925
275	53924
276	53741
277	52634
278	51156
279	51451
280	51933
281	51741
282	51040
283	51788
284	51575
285	51116
286	50516
287	49764
288	49313
289	49305
290	49992
291	49907
292	48875
293	48694
294	47284
295	48464
296	48287
297	47370
298	47151
299	47625
300	47543
301	48564
302	48257
303	47101
304	46566
305	45728
306	46595
307	46443
308	46554
309	47013
310	45065
311	45250
312	46313
313	45160
314	45315
315	46066
316	46465
317	46757
318	46305
319	45603
320	46415
321	46357
322	45929
323	45844
324	45520
325	45720
326	45214
327	45108
328	45884
329	45217
330	45591
331	45732
332	46243
333	47479
334	46067
335	45302
336	45203
337	45599
338	47187
339	45690
340	45416
341	45597
342	46657
343	47363
344	47172
345	46708
346	46483
347	46572
348	46916
349	46297
350	47259
351	47893
352	47544
353	46991
354	46710
355	46917
356	46745
357	46719
358	47325
359	46847
360	47310
361	46702
362	46975
363	47147
364	48748
365	49021
366	48832
367	49434
368	47882
369	48630
370	49511
371	48577
372	47425
373	47153
374	48951
375	49940
376	47810
377	47347
378	48147
379	48279
380	48638
381	48262
382	49508
383	48825
384	47293
385	48222
386	47670
387	48856
388	48534
389	47276
390	48358
391	47834
392	47677
393	48249
394	47658
395	47125
396	46411
397	46615
398	47929
399	47221
400	46833
401	46082
402	45398
403	46494
404	47236
405	46116
406	46422
407	45819
408	45969
409	45883
410	45811
411	46198
412	45977
413	45061
414	44050
415	44947
416	45114
417	44624
418	44464
419	44714
420	44691
421	44110
422	44149
423	44487
424	44532
425	44175
426	42660
427	43127
428	44119
429	44100
430	43141
431	42872
432	42240
433	42221
434	42874
435	43064
436	41915
437	41727
438	42054
439	42334
440	43206
441	41898
442	39902
443	38720
444	39110
445	40095
446	40905
447	40520
448	39675
449	39008
450	38771
451	40231
452	39775
453	38787
454	38004
455	37601
456	39210
457	39747
458	38596
459	38414
460	37711
461	38307
462	37612
463	37908
464	37462
465	37492
466	37025
467	37512
468	36974
469	36474
470	36178
471	37005
472	38150
473	37766
474	37303
475	36575
476	36112
477	35977
478	36053
479	36935
480	36423
481	36449
482	35957
483	37355
484	35793
485	34550
486	35496
487	35805
488	35627
489	36021
490	34898
491	34495
492	36300
493	35473
494	35740
495	34994
496	34437
497	34512
498	33811
499	34668
500	35012
501	35199
502	35346
503	34678
504	35426
505	34317
506	34906
507	34630
508	33882
509	33906
510	33728
511	33532
512	34797
513	34649
514	34493
515	34395
516	34510
517	34011
518	33628
519	33967
520	33700
521	33773
522	34362
523	33984
524	34315
525	34127
526	34417
527	34903
528	35165
529	34561
530	33312
531	33899
532	33614
533	33565
534	33982
535	33505
536	34051
537	33654
538	33439
539	33534
540	33591
541	34099
542	33389
543	32722
544	33080
545	32009
546	33287
547	33515
548	33728
549	32707
550	32547
551	32544
552	33286
553	33911
554	32446
555	32566
556	33393
557	33434
558	33692
559	33672
560	33264
561	33116
562	32143
563	32481
564	34397
565	33921
566	32620
567	33303
568	32835
569	33012
570	32818
571	31862
572	32385
573	33264
574	32380
575	32164
576	31424
577	32338
578	32761
579	32042
580	32221
581	32173
582	31962
583	32019
584	31847
585	33555
586	33360
587	32164
588	31431
589	30480
590	31827
591	32169
592	31419
593	31040
594	31933
595	32250
596	31360
597	31312
598	31611
599	31322
600	30881
601	30569
602	30793
603	30748
604	30852
605	31615
606	30339
607	30548
608	31356
609	30470
610	30628
611	31018
612	30920
613	31031
614	30749
615	30468
616	29957
617	30056
618	29593
619	29903
620	29138
621	28713
622	29241
623	29032
624	28924
625	29074
626	29132
627	28487
628	28831
629	29107
630	29600
631	29101
632	29480
633	29592
634	28838
635	28976
636	28460
637	27835
638	28877
639	28761
640	28873
641	28088
642	26847
643	28218
644	28655
645	27708
646	27995
647	27180
648	28187
649	28010
650	28229
651	27834
652	26895
653	26589
654	27139
655	27029
656	26976
657	27713
658	27085
659	26306
660	26492
661	25819
662	26436
663	27019
664	26880
665	26861
666	26665
667	25920
668	26006
669	25724
670	26119
671	25993
672	25774
673	26092
674	26561
675	26787
676	26291
677	25714
678	26269
679	26065
680	26055
681	26427
682	25009
683	25692
684	25906
685	25991
686	26035
687	25834
688	25759
689	25470
690	25808
691	26275
692	25630
693	26385
694	25817
695	25529
696	25805
697	25496
698	25804
699	25573
700	24904
701	25454
702	25463
703	25771
704	25699
705	24999
706	24691
707	25031
708	25630
709	24997
710	23959
711	24955
712	25529
713	25106
714	23649
715	24060
716	24414
717	24317
718	24117
719	24668
720	23640
721	25188
722	25369
723	24059
724	23773
725	24022
726	24465
727	24520
728	23941
729	23478
730	23585
731	24239
732	24530
733	24238
734	23599
735	24104
736	24207
737	24671
738	24104
739	23320
740	24178
741	23284
742	23630
743	23240
744	23798
745	24069
746	24338
747	23821
748	24096
749	23797
750	23667
751	23849
752	23839
753	23948
754	24069
755	23758
756	23074
757	23212
758	23454
759	22843
760	23499
761	23243
762	22953
763	23009
764	22286
765	23067
766	22372
767	22673
768	22769
769	23063
770	22823
771	23425
772	23158
773	23331
774	22376
775	23427
776	22908
777	22325
778	22895
779	22573
780	22232
781	23486
782	22837
783	22497
784	22809
785	22901
786	22100
787	21813
788	22133
789	22339
790	22725
791	22154
792	21906
793	22203
794	22097
795	22555
796	21856
797	22104
798	21479
799	22590
800	22183
801	21552
802	21032
803	20884
804	21852
805	22254
806	22302
807	22040
808	21390
809	20642
810	20896
811	20687
812	20754
813	20649
814	21249
815	20738
816	21225
817	21451
818	20957
819	21576
820	20811
821	21209
822	21286
823	20188
824	21105
825	20862
826	20836
827	20961
828	20381
829	20639
830	20247
831	20006
832	20146
833	20649
834	20561
835	20716
836	20381
837	20843
838	21002
839	20279
840	20242
841	20584
842	21211
843	20889
844	19952
845	20029
846	19987
847	20507
848	20294
849	19679
850	19392
851	19511
852	19634
853	20814
854	20562
855	20609
856	19741
857	19785
858	19916
859	20023
860	19824
861	19806
862	20420
863	20222
864	19423
865	19727
866	18946
867	18939
868	19302
869	19333
870	19878
871	19407
872	19089
873	19057
874	19275
875	19342
876	19531
877	19559
878	19605
879	19528
880	19855
881	19790
882	19250
883	18191
884	18746
885	19501
886	19255
887	19587
888	18755
889	18718
890	19154
891	19362
892	19053
893	19221
894	18698
895	18952
896	18789
897	18656
898	19069
899	18365
900	19004
901	19065
902	19648
903	19379
904	18274
905	18524
906	18533
907	18942
908	18981
909	18525
910	18084
911	18453
912	19018
913	18788
914	18941
915	19082
916	19336
917	18885
918	18607
919	18083
920	18506
921	18714
922	18617
923	18392
924	18360
925	19328
926	18640
927	18745
928	18385
929	18115
930	18892
931	18324
932	18519
933	19174
934	18600
935	18538
936	17733
937	18091
938	18683
939	18271
940	18847
941	17452
942	18039
943	17797
944	17902
945	18205
946	18274
947	17704
948	18737
949	18354
950	17093
951	17820
952	17791
953	17270
954	17359
955	17358
956	17787
957	18010
958	17414
959	17829
960	18224
961	18190
962	18019
963	18311
964	17705
965	17032
966	17101
967	17296
968	17508
969	17825
970	17371
971	17354
972	17081
973	18041
974	18048
975	17434
976	17913
977	17420
978	16846
979	16508
980	17107
981	17236
982	16760
983	16860
984	17050
985	17266
986	17755
987	17661
988	17066
989	15958
990	16447
991	16900
992	17073
993	17204
994	17226
995	16852
996	16928
997	16897
998	17110
999	17095
1000	16892
1001	16781
1002	16640
1003	16805
1004	16778
1005	16458
1006	16226
1007	16988
1008	16781
1009	16504
1010	16125
1011	16115
1012	16784
1013	16922
1014	16336
1015	16476
1016	16648
1017	16403
1018	16398
1019	16440
1020	16262
1021	16040
1022	16164
1023	16184
1024	16275
1025	15713
1026	15764
1027	15675
1028	16554
1029	17140
1030	16778
1031	15957
1032	16080
1033	16827
1034	16398
1035	15685
1036	15605
1037	16304
1038	16249
1039	16295
1040	16056
1041	15119
1042	15487
1043	16197
1044	16380
1045	16174
1046	15450
1047	15170
1048	15040
1049	15240
1050	15197
1051	15607
1052	15505
1053	15689
1054	15473
1055	15357
1056	15701
1057	15527
1058	15553
1059	15990
1060	15913
1061	15660
1062	15796
1063	15759
1064	15473
1065	15301
1066	15328
1067	14826
1068	15338
1069	15564
1070	15778
1071	15620
1072	15722
1073	15517
1074	15571
1075	15448
1076	14667
1077	14808
1078	15278
1079	14896
1080	14847
1081	15006
1082	15218
1083	15384
1084	15455
1085	15659
1086	14700
1087	14623
1088	14592
1089	14655
1090	14891
1091	14770
1092	14948
1093	15529
1094	15415
1095	15856
1096	14647
1097	14287
1098	14452
1099	15070
1100	15158
1101	14173
1102	14220
1103	14058
1104	14477
1105	14636
1106	14304
1107	14473
1108	14367
1109	14804
1110	14950
1111	14278
1112	14441
1113	13982
1114	14301
1115	14923
1116	14234
1117	13970
1118	14272
1119	14723
1120	14424
1121	14214
1122	14442
1123	14440
1124	14159
1125	14940
1126	14669
1127	14623
1128	14603
1129	14412
1130	14376
1131	14719
1132	14384
1133	14057
1134	14269
1135	14820
1136	14324
1137	14089
1138	13836
1139	13788
1140	14420
1141	14720
1142	14190
1143	13541
1144	13513
1145	13855
1146	13505
1147	13411
1148	13896
1149	13770
1150	13755
1151	14111
1152	13699
1153	13537
1154	13785
1155	13403
1156	13939
1157	13458
1158	13800
1159	14273
1160	13442
1161	13900
1162	13454
1163	13506
1164	13144
1165	13363
1166	13839
1167	13746
1168	13426
1169	13585
1170	13965
1171	13551
1172	13582
1173	13415
1174	13278
1175	13572
1176	13326
1177	13842
1178	13938
1179	13763
1180	12995
1181	13364
1182	14102
1183	14030
1184	13973
1185	13152
1186	13252
1187	13299
1188	13611
1189	13179
1190	12573
1191	12917
1192	13390
1193	14027
1194	13511
1195	12803
1196	12939
1197	12611
1198	13190
1199	13002
1200	13067
1201	13162
1202	12939
1203	12825
1204	13017
1205	12916
1206	13429
1207	13697
1208	12938
1209	12492
1210	13098
1211	12948
1212	13131
1213	13192
1214	13097
1215	13179
1216	12906
1217	12865
1218	12819
1219	12537
1220	12980
1221	12746
1222	12799
1223	12808
1224	12888
1225	12896
1226	12828
1227	13028
1228	12614
1229	12300
1230	12564
1231	12580
1232	12824
1233	12664
1234	12140
1235	12618
1236	12632
1237	12519
1238	12352
1239	12312
1240	12464
1241	12682
1242	12855
1243	12833
1244	12564
1245	12143
1246	12348
1247	12701
1248	12671
1249	12835
1250	12921
1251	12653
1252	12933
1253	12944
1254	12513
1255	12233
1256	12602
1257	12048
1258	11950
1259	12642
1260	12249
1261	12090
1262	11986
1263	12228
1264	12566
1265	12605
1266	12268
1267	12315
1268	12338
1269	12227
1270	12069
1271	11837
1272	12305
1273	12031
1274	12508
1275	12458
1276	12118
1277	11903
1278	11877
1279	11899
1280	12191
1281	12101
1282	12139
1283	12009
1284	11813
1285	11893
1286	11889
1287	12098
1288	12182
1289	12361
1290	12298
1291	11675
1292	11812
1293	11623
1294	11425
1295	11758
1296	12035
1297	12060
1298	11860
1299	11929
1300	11966
1301	11868
1302	11966
1303	11943
1304	11885
1305	11768
1306	11570
1307	11399
1308	11435
1309	11772
1310	12230
1311	11845
1312	11659
1313	11471
1314	11484
1315	11392
1316	11187
1317	11949
1318	11999
1319	11704
1320	11820
1321	11627
1322	11245
1323	11319
1324	11403
1325	11301
1326	11431
1327	11587
1328	11344
1329	10924
1330	10826
1331	11458
1332	12118
1333	12384
1334	11351
1335	11035
1336	10995
1337	11810
1338	11932
1339	11612
1340	11289
1341	11424
1342	11199
1343	11442
1344	10923
1345	11381
1346	11448
1347	11243
1348	11500
1349	11038
1350	11490
1351	11954
1352	11239
1353	11390
1354	11213
1355	11406
1356	11639
1357	11498
1358	11510
1359	11195
1360	11251
1361	11339
1362	11103
1363	11490
1364	11192
1365	11110
1366	11330
1367	11818
1368	11507
1369	10663
1370	11057
1371	11292
1372	11575
1373	11578
1374	10967
1375	10724
1376	10885
1377	10420
1378	10674
1379	11040
1380	11136
1381	11383
1382	10726
1383	10561
1384	10383
1385	10958
1386	10907
1387	10110
1388	10258
1389	10550
1390	10656
1391	10550
1392	10157
1393	10280
1394	10428
1395	10551
1396	10873
1397	10562
1398	10928
1399	10662
1400	11028
1401	10903
1402	10738
1403	10750
1404	10835
1405	10593
1406	10643
1407	10573
1408	10319
1409	10155
1410	10089
1411	10373
1412	10405
1413	10196
1414	10640
1415	10828
1416	10399
1417	10180
1418	10585
1419	10204
1420	11015
1421	10910
1422	10415
1423	10018
1424	10339
1425	10369
1426	10189
1427	10470
1428	10037
1429	10478
1430	10301
1431	10582
1432	10493
1433	10257
1434	10570
1435	10491
1436	10303
1437	10078
1438	10055
1439	10120
1440	11016
1441	10873
1442	10900
1443	10530
1444	10121
1445	10574
1446	10114
1447	10289
1448	10270
1449	10132
1450	10091
1451	10118
1452	10303
1453	9946
1454	10114
1455	10390
1456	10449
1457	10422
1458	10384
1459	10015
1460	10143
1461	9838
1462	10037
1463	9944
1464	9822
1465	9833
1466	9798
1467	10526
1468	9889
1469	9802
1470	9898
1471	9959
1472	10077
1473	10328
1474	9735
1475	10181
1476	10020
1477	9782
1478	10050
1479	10079
1480	9665
1481	10286
1482	10471
1483	10526
1484	9544
1485	9739
1486	9962
1487	10165
1488	9745
1489	9943
1490	10249
1491	9962
1492	9597
1493	9484
1494	9877
1495	10160
1496	9987
1497	9720
1498	9874
1499	9829
1500	10041
1501	10010
1502	10054
1503	9649
1504	9452
1505	9659
1506	9282
1507	9057
1508	9398
1509	9581
1510	9512
1511	9231
1512	9341
1513	9825
1514	9774
1515	9554
1516	9507
1517	9645
1518	9663
1519	9525
1520	9476
1521	9421
1522	10147
1523	10095
1524	9938
1525	9407
1526	9499
1527	9414
1528	9499
1529	9284
1530	8985
1531	8934
1532	9142
1533	9444
1534	9473
1535	9486
1536	9464
1537	9655
1538	9667
1539	9220
1540	9289
1541	9412
1542	9170
1543	9533
1544	9379
1545	9552
1546	9512
1547	9460
1548	9269
1549	9319
1550	9550
1551	9457
1552	9149
1553	9182
1554	8786
1555	9035
1556	8854
1557	9167
1558	8999
1559	9084
1560	8882
1561	8825
1562	8564
1563	9152
1564	9201
1565	8930
1566	8735
1567	8840
1568	8947
1569	9143
1570	8896
1571	8982
1572	8865
1573	9414
1574	9020
1575	9326
1576	9302
1577	8949
1578	9175
1579	9270
1580	9149
1581	9260
1582	9221
1583	8982
1584	8573
1585	9072
1586	8787
1587	9154
1588	8983
1589	9109
1590	8951
1591	9126
1592	9280
1593	9138
1594	9030
1595	8637
1596	8490
1597	9004
1598	9043
1599	9200
1600	9050
1601	8652
1602	9025
1603	9077
1604	9501
1605	9121
1606	9061
1607	8949
1608	9328
1609	9171
1610	8559
1611	8629
1612	9005
1613	9017
1614	8938
1615	8324
1616	8492
1617	8913
1618	8699
1619	9116
1620	8642
1621	8640
1622	8734
1623	8270
1624	8325
1625	8716
1626	8934
1627	9229
1628	8508
1629	8387
1630	8170
1631	8372
1632	8723
1633	8946
1634	8837
1635	8412
1636	8255
1637	8645
1638	8870
1639	8781
1640	8603
1641	8442
1642	8636
1643	9047
1644	8720
1645	8591
1646	7884
1647	8098
1648	8461
1649	8642
1650	8736
1651	8612
1652	8595
1653	8496
1654	8772
1655	8817
1656	9147
1657	8740
1658	8923
1659	8754
1660	8625
1661	8930
1662	8774
1663	8521
1664	8821
1665	8931
1666	8822
1667	9211
1668	8758
1669	8510
1670	8611
1671	8768
1672	8551
1673	8476
1674	8418
1675	8639
1676	8863
1677	8883
1678	8845
1679	8810
1680	8578
1681	8735
1682	8281
1683	8144
1684	8350
1685	8325
1686	8649
1687	8601
1688	8394
1689	8376
1690	8387
1691	8769
1692	8858
1693	8494
1694	8472
1695	8279
1696	8537
1697	8427
1698	8686
1699	8732
1700	8264
1701	8163
1702	8560
1703	8869
1704	8907
1705	8384
1706	8324
1707	7791
1708	8296
1709	8801
1710	9175
1711	8704
1712	8654
1713	8644
1714	8800
1715	8616
1716	8357
1717	8189
1718	8191
1719	8118
1720	8168
1721	8605
1722	8264
1723	7950
1724	8374
1725	8661
1726	8277
1727	7912
1728	7976
1729	8417
1730	8273
1731	8159
1732	8200
1733	8231
1734	7991
1735	8586
1736	8678
1737	8179
1738	7903
1739	7890
1740	8247
1741	8158
1742	8059
1743	8133
1744	8138
1745	8314
1746	8349
1747	8631
1748	8464
1749	8152
1750	8339
1751	8145
1752	8233
1753	8359
1754	8843
1755	8592
1756	8051
1757	7752
1758	8139
1759	8584
1760	8441
1761	8261
1762	8052
1763	8270
1764	8556
1765	8235
1766	8086
1767	7796
1768	8124
1769	8315
1770	8436
1771	7836
1772	7740
1773	8162
1774	8393
1775	8021
1776	7873
1777	7691
1778	7770
1779	8109
1780	7836
1781	8039
1782	8061
1783	8200
1784	7708
1785	7836
1786	8212
1787	7961
1788	8359
1789	8094
1790	7654
1791	7992
1792	8023
1793	8399
1794	8003
1795	8137
1796	8555
1797	7708
1798	7816
1799	8159
1800	8055
1801	8030
1802	8271
1803	8402
1804	7856
1805	8028
1806	7720
1807	7754
1808	7754
1809	8183
1810	8194
1811	8275
1812	8154
1813	7861
1814	7985
1815	7724
1816	7732
1817	7877
1818	7808
1819	7696
1820	7553
1821	7556
1822	8075
1823	8018
1824	8249
1825	7890
1826	7839
1827	7868
1828	7919
1829	8102
1830	8340
1831	7822
1832	8092
1833	7710
1834	7532
1835	7793
1836	7560
1837	7900
1838	7844
1839	7693
1840	7643
1841	7461
1842	7924
1843	7736
1844	7763
1845	7761
1846	7739
1847	7781
1848	7623
1849	7672
1850	8005
1851	7960
1852	8141
1853	8001
1854	7731
1855	7963
1856	7530
1857	7341
1858	7556
1859	8078
1860	8232
1861	7596
1862	7377
1863	7321
1864	7738
1865	7968
1866	7659
1867	7613
1868	7957
1869	7828
1870	7549
1871	7657
1872	7736
1873	7515
1874	7418
1875	7445
1876	7683
1877	7798
1878	7554
1879	7600
1880	7271
1881	7534
1882	7284
1883	7873
1884	7652
1885	7683
1886	7683
1887	7477
1888	7118
1889	7626
1890	7492
1891	7428
1892	7502
1893	7224
1894	7143
1895	7418
1896	7364
1897	7512
1898	7503
1899	7703
1900	7757
1901	7188
1902	7176
1903	7292
1904	7254
1905	7332
1906	7087
1907	7269
1908	7443
1909	7277
1910	7344
1911	7146
1912	7671
1913	7663
1914	7442
1915	7351
1916	7111
1917	7404
1918	7072
1919	6921
1920	7089
1921	7277
1922	7593
1923	7703
1924	7381
1925	6993
1926	7109
1927	7030
1928	7274
1929	7382
1930	6972
1931	6891
1932	6943
1933	7133
1934	7345
1935	7324
1936	7117
1937	6929
1938	6838
1939	6708
1940	6863
1941	7005
1942	7281
1943	7044
1944	7024
1945	7255
1946	7209
1947	7094
1948	7465
1949	7087
1950	7118
1951	7211
1952	6729
1953	7128
1954	7264
1955	7395
1956	7071
1957	7116
1958	6708
1959	6981
1960	7083
1961	7315
1962	7060
1963	7227
1964	7338
1965	7058
1966	7148
1967	7220
1968	6961
1969	7136
1970	7005
1971	6797
1972	6996
1973	6886
1974	7176
1975	7302
1976	6929
1977	6627
1978	6549
1979	6947
1980	7326
1981	6900
1982	6807
1983	6779
1984	6698
1985	6983
1986	7156
1987	6919
1988	6700
1989	6894
1990	7184
1991	7054
1992	6824
1993	6822
1994	6829
1995	6718
1996	7117
1997	7322
1998	7086
1999	7185
2000	7115
