path	bytes	sha256
config/assets.json	2134	8cfe8eb70b196a22debac77409a278d940ff5b9359ac544676470ab9c047f59d
config/model_validation.json	494	2d33874e640e1f5d03c11d496fd2fd9e7410d57aed9f197c3656d06d5c0189a8
config/qc_recommendation.json	534	347c77788eafe8807aa842f960fbfc17c64eb1f93aa93acc3d1080c2d4e47100
config/qc_requirements.lock.txt	341	3eab53b5448d3e489fecea7d4f174df30ff4093ec6b38fefccca85a520d61668
config/samples.tsv	384	ec47a026f689ec0b13b75cd1e6a65a3705cc4f9a5d58a727677ac958ddcefa5b
config/splits/README.md	413	9d547a3f88957526e96635914f416f800e8e0659c213797de65aadce4342f3e0
config/splits/fold_0.json	342	48856f28675afc37abb815f99ba71a55ab104e58795ccf1e90154b3ecb12a865
config/splits/fold_1.json	342	4a29d63258f2d1abcfc2cf3291483e6b1f190c1a3700881e2f6143e8a7a387be
config/splits/fold_2.json	342	5509a9c7f682ad0f547b0326ef08babfbcd9dc911a01ecdf9c108b2007cf6ee6
config/splits/fold_3.json	342	cd5de449c13a8281606d9c1866b399768a8d9d52513cc6eb429234a37d1b7f3e
config/splits/fold_4.json	342	5d3b2dfdf82fd297f084912d829e13d6f6e27dea9fb21c1dca35738ce954de8f
config/training_plan.json	609	1b07c2d859f6e07a35ee46eb5c6e5e150283b6c383b5a59d3404fb19ec6e8456
data/intermediate/donor_pseudobulks/LGS1.bedpe	470433177	97ee199070a59fc5eda698ad1cbdd71527647f96ca9ee3662b0902add83bd1e1
data/intermediate/donor_pseudobulks/LGS2.bedpe	701792893	4df2a0aebd38279c7204475ef864432e9cd64366c658301d5d37bdd6c8cb7e7a
data/intermediate/donor_pseudobulks/LGS3.bedpe	488511917	450edab62d5fae71c5e22a6458bf9b11d0e78a86695f1d7df7cfefeb41a14d09
data/intermediate/donor_pseudobulks/LVG1.bedpe	389370508	2fe675a9a7749766f28773e5fd9145774b9e623e792f47f315e8e600f1930206
data/metadata/GSE196235.soft.txt	50302502	61e01d8d8dbb0c4f4d1538ce4a96abab0792fbfa2c4cb55c921b334f12330602
data/metadata/GSE196235_asset_inventory.json	5388	835e9cdba0483fc10e8edaa4be25ba3828ac48cabbb5aa6a81bea0e8fe4cddbf
data/metadata/GSE196235_filelist.txt	1537	5c168dd93558b162664077a83104da8ef217edde4920295761846592879d9391
data/metadata/GSE196235_files.html	673	14aeca4aa18a6018bd1a91d61388f3a180b26dac3ac4835feddeaf651fe3820e
data/metadata/GSE265774.soft.txt	18407	bcbae92bf89ceabda880f5665b2b92af1bd1a08f4c6e909a3f1d15b4357c94f5
data/metadata/GSE265774_filelist.txt	7509	255fe709e39f34637010692ccec08d60ef7a9aef1ea3562b08547b1b6757ccb6
data/metadata/GSE265801.soft.txt	16206	af62406991093c8d5a3e76a7a9b1b324050f19b74140d520d463b6acc3ddf179
data/metadata/GSE281526_filelist.txt	23192	77b21bf3eb3e5a8a5e0a8ee850c5742b02c748e7e155dbb94a4e1293e9e7e471
data/metadata/GSM5866073_files.html	2068	fc1e6e9d8ce671d9fb08a989d932da49880f55209c9830563c5b68ae7e2ee3d7
data/metadata/GSM7064216.soft.txt	4400	ac3b2fd38c6f83ee53c3d04b862973cb5458ecd522e533fceaa8731a4e346733
data/metadata/GSM8622730.soft.txt	4711	6f58ef1f2d9194dbbf00b81ab769d7f4a2d4f8494cb2a73de173ea90c153a562
data/metadata/HCA_GSE196235.json	18894	5430a9e2110a8e02f499896d47a83462b9ad94b59539228e93aadd1373a0e2d3
data/metadata/HCA_samples.json	38556	bb00e87d77298513bdf811f6d4968e2a6a5c2280652367fc57bed1b9a3d8cc32
data/metadata/HRCA_cellxgene_collection.json	62738	678a788b59307501f326545a2551df6f3d2fe77300e24f8c5658d92251e8600b
data/metadata/HRCA_ucsc.html	5348	d95664e294bd287e6095ca73ebaa1cf762a80ee025e5868b6cc0979973f75d7f
data/metadata/SCP1755.html	24585	a0074bb34671e5a115cb16518542ca5285e5c903cd00cc9e1d128ef72d225fe3
data/metadata/author_code/seankwang-retina-multiome-651e181/README.md	139	e7df1c86d9191d5d19643e680d85ef9369dce9de585fdc54f94e18079abcfe54
data/metadata/author_code/seankwang-retina-multiome-651e181/scATAC	10828	deb0bdb6d4444e01dcf46896cbe3fc8e23b98d69efd0e018785130543f3459aa
data/metadata/author_code/seankwang-retina-multiome-651e181/scRNA	10582	34ac89e26e0be0726eda0b12d32cce0da60169fb825cbec51715815004f81774
data/metadata/author_code.zip	6926	0825ed7bf149036a2d55149173a9c4cc8f92877b0b7f1ef671a9056581f7b90a
data/metadata/chrombpnet_FAQ.md	7571	66e4cc9e82dcce6fb1dadafbf86127680e46e27f1564eac9ea0089b64b3e36c3
data/metadata/chrombpnet_Preprocessing.md	10621	bfc3ac2c286d1cf928ba8bcff46a330a9716ae74453dd7f46e273c3a9f33e5ba
data/metadata/chrombpnet_README.md	14597	058c4f98218ea2ed854681126b6f682c9f3beec91275781fb37e39c55d0c92ea
data/metadata/chrombpnet_bias_training.md	8797	99827ea5d550a2b6b7c30b119aa54a561fbc2636c5608769916bc4966254414d
data/metadata/chrombpnet_reads_to_bigwig.py	7054	9cb18138509e6f42eedc413e4fe57edd16b824a8f9dcae488ae693972a3afd38
data/metadata/chrombpnet_training.md	9329	eaf6082e31958f549595f361aa12aa91bbcc9070559642669ef5106865100e93
data/metadata/chrombpnet_tree.json	50906	dba5743949a239e012d58f2c5228ca2b86f70efb75d1f8e30457eb7d5eba62b9
data/metadata/eyemultiome.html	1718	570e92f8ef8d6eabb52f94f967253524f4f2dc22cb5def46f119376922ce54d9
data/metadata/model_code/kundajelab-retina-models-bd458c6/.gitignore	1824	da1a95182b8ef925244a17e3c51aea351ed51c1af1fb1bf6c37ac136ec890e26
data/metadata/model_code/kundajelab-retina-models-bd458c6/LICENSE	1068	19216b478615bdf0e6260c62abcb356c90cbb7328b86fb2a32eb0ec8dfa51bbf
data/metadata/model_code/kundajelab-retina-models-bd458c6/jobscripts/jobscript.sh	556	c45ad11d7ca3135227a826c2ff753cf0f82526c32c7dc01fc9b24c1c194ce56d
data/metadata/model_code/kundajelab-retina-models-bd458c6/jobscripts/predict/submit_predict_fold0.sh	1044	f1d67938a696f9575226e0c6f28fd2e5bb92a32a135fdc251d268ee27f7ed60b
data/metadata/model_code/kundajelab-retina-models-bd458c6/jobscripts/predict/submit_predict_fold1.sh	1051	094b011a402271e83d2c1edcb2b2f0051b68fbe2ecd3354b99be2af23bf08ee1
data/metadata/model_code/kundajelab-retina-models-bd458c6/jobscripts/predict/submit_predict_fold2.sh	1060	d53fe839ca95e2b992e54abfa7f7a964f2edae76ddfe517460e6ba93550590f0
data/metadata/model_code/kundajelab-retina-models-bd458c6/jobscripts/predict/submit_predict_fold3.sh	1070	c6fb4a513c00d521967411a63de81bd93e51be65004e29ecb04b84762ea139ce
data/metadata/model_code/kundajelab-retina-models-bd458c6/jobscripts/predict/submit_predict_fold4.sh	1068	5047c4c5ec76add62ab2467cc0e2da2b5701bfb9b2b28013fcc0e0138882581a
data/metadata/model_code/kundajelab-retina-models-bd458c6/jobscripts/submit_hdf5_to_bigwig_fold0.sh	1179	c4c955557541c9e7ea0825af00a1b76a618e6dd1d76f0ad3ee414f79780c8b04
data/metadata/model_code/kundajelab-retina-models-bd458c6/jobscripts/submit_interpret_fold0.sh	908	405970a1a70d4041709d7266d8da5c9662b4d9e8c6aa52a99df579d30c387ce9
data/metadata/model_code/kundajelab-retina-models-bd458c6/jobscripts/submit_modisco_fold0.sh	946	722330112911a397f1412de1511205c27601b28fdec24316f6459379d248dfe7
data/metadata/model_code/kundajelab-retina-models-bd458c6/jobscripts/train/submit_training_fold0.sh	1145	cfd60514c7222e3e0201f54e0c504e9973bcb65ccd04b57a7e12672fe7955575
data/metadata/model_code/kundajelab-retina-models-bd458c6/jobscripts/train/submit_training_fold1.sh	1154	20f7d4315717dd34054e9b9d3f60b79ab0e4093a1f97a1c6ab033ab326adc84b
data/metadata/model_code/kundajelab-retina-models-bd458c6/jobscripts/train/submit_training_fold2.sh	1162	2dc5ef883c66f1435668a2df7c6e8b9808592cf1bba09ac2bf76c220f0c416ff
data/metadata/model_code/kundajelab-retina-models-bd458c6/jobscripts/train/submit_training_fold3.sh	1171	bb93064e2fa82651ee1d542975c1fccfc86aa7fea1a5e31b4df0a4ba26d6cd65
data/metadata/model_code/kundajelab-retina-models-bd458c6/jobscripts/train/submit_training_fold4.sh	1171	cc2b0097de1466999c2f5a5be5fbc78482692b08205796861814afccb509fce8
data/metadata/model_code/kundajelab-retina-models-bd458c6/notebooks/PerformancePlots.ipynb	125181	246ece5dc8ba922f0624c843dcc3f0954266671a4c65171929d385b30cf339ec
data/metadata/model_code/kundajelab-retina-models-bd458c6/notebooks/SNPs/SNPs_Tier2Retina.txt	6265	34fdb1d216ecd54d117acfb25d8826c180028589bf3d7b38fb6a87910d1f19d7
data/metadata/model_code/kundajelab-retina-models-bd458c6/notebooks/SNPs/SNPs_Tier3Retina.txt	12593	612ffaf359d6afadbc8b5c373a103bbe4f6d552da901a9044062c3d8626e39ee
data/metadata/model_code/kundajelab-retina-models-bd458c6/notebooks/SNPs/SNPs_allRetina.txt	213738	bd8670c672ee03810e8483b66b670832cf2070c2a2bc5ed0c965bf14051a6e95
data/metadata/model_code/kundajelab-retina-models-bd458c6/notebooks/SNPs/SNPs_overlapPeaksRetina.txt	35017	43a88d0ba57805a3a3b37a2de2c6e2fbe1f7105270d3c33dd0ae88371429d8ba
data/metadata/model_code/kundajelab-retina-models-bd458c6/notebooks/SNPs/SNPs_random.txt	325694	5e49b965d091289fc727ec465dc96169ddf639ed2dc3ca7e116f6c00cd0d88af
data/metadata/model_code/kundajelab-retina-models-bd458c6/notebooks/SNPs/SNPs_randomInPeaks.txt	43300	f34033fef7e21bed4ea2ecf8e318306a2602ad87c81a0660f54d52386b2d93bd
data/metadata/model_code/kundajelab-retina-models-bd458c6/notebooks/SNPs_README.txt	861	7130cb1980efed4ada8689208b7b114cf4d70a37d11f56c34779d7c63a752025
data/metadata/model_code/kundajelab-retina-models-bd458c6/notebooks/ScoreSNPs.ipynb	387142	4f14f8d80d88bddd45267b832d41d04ad66c5cbf68dff9731b93cf37e18f4bf1
data/metadata/model_code/kundajelab-retina-models-bd458c6/notebooks/Vignettes.ipynb	399400	41eedf8e7c0c9a229849203e88524931457f5027489d82858df89520a9fcdc67
data/metadata/model_code/kundajelab-retina-models-bd458c6/notebooks/mhc.py	2465	7807fd9e9ed7950828f7c59324db83f7905c68fcfe4cef3c0ae4efd77b00008b
data/metadata/model_code/kundajelab-retina-models-bd458c6/requirements.txt	334	84e86ec4ace0c24911412fadc8839a83af3056b92399bb5a1a1bf6dec8a0669a
data/metadata/model_code/kundajelab-retina-models-bd458c6/scripts/bigwig_helper.py	3479	d7300cff5e8c4a30040c8855637383b7314a52d90717a07eb1a7d5d7eb4a8044
data/metadata/model_code/kundajelab-retina-models-bd458c6/scripts/frag_to_unstranded_bigwig.sh	1081	9fb492f21d53408296d43d7fab798db4b1e267808fb4f73e520f71f70dd95f07
data/metadata/model_code/kundajelab-retina-models-bd458c6/scripts/importance_hdf5_to_bigwig.py	2114	545dfe650f02c470b1806a45a13456bb10235bfa57160990769d537e2d1b7540
data/metadata/model_code/kundajelab-retina-models-bd458c6/scripts/predict_to_bigwig.py	4406	6b35424804bcfcdbaaee3de8eaa5ce0723e10365c09fb3ee394a30395fbbb99c
data/metadata/model_code/kundajelab-retina-models-bd458c6/src/__init__.py	0	e3b0c44298fc1c149afbf4c8996fb92427ae41e4649b934ca495991b7852b855
data/metadata/model_code/kundajelab-retina-models-bd458c6/src/archs.py	1458	785d333db1c8312795054b9fd9a7e35cdacc1a5f74a53cea71907803ba2631c2
data/metadata/model_code/kundajelab-retina-models-bd458c6/src/interpret.py	4377	5e19cdacbfd9680d3fa73cd8bcc1d9b49bfd0dd28453a5e43e26ce460e8a4cf0
data/metadata/model_code/kundajelab-retina-models-bd458c6/src/metrics.py	3265	8416fe0b94f788419435c9126db682fe9afbed255836e4a85d6ecdfb35bd0a73
data/metadata/model_code/kundajelab-retina-models-bd458c6/src/run_modisco.py	6682	511233a039e2e311c0b7feae2f6e92c350328520b9f4267bab0015e8d51be5f5
data/metadata/model_code/kundajelab-retina-models-bd458c6/src/train.py	6608	4d0373d85f656740104f0e7938c2edce26430ebeb18a4cf484bf2316f9b9ab4a
data/metadata/model_code/kundajelab-retina-models-bd458c6/src/utils/__init__.py	1	01ba4719c80b6fe911b091a7c05124b64eeece964e09c058ef8f9805daca546b
data/metadata/model_code/kundajelab-retina-models-bd458c6/src/utils/argmanager.py	4898	bd1d6f2443814ee800383539d797bc07557f444d31b96591c87f4cdf5092d5ee
data/metadata/model_code/kundajelab-retina-models-bd458c6/src/utils/augment.py	2682	7533c9faa9e0831fd505924b7ed534544f298208cd9627ed62717acf8e0ff631
data/metadata/model_code/kundajelab-retina-models-bd458c6/src/utils/data_utils.py	5895	7ff221f6b7811f3844b4b89d0fa748cc945459ef3c8e7aab29958c953ecb696e
data/metadata/model_code/kundajelab-retina-models-bd458c6/src/utils/loss.py	584	e539dba206f10a834e6f71faa752707b46af48c495cca9f202310026f8429dfe
data/metadata/model_code/kundajelab-retina-models-bd458c6/src/utils/one_hot.py	2565	08b9d746d1460d3990436f905b529ca7a950607c750989ff4316403e840bdc30
data/metadata/model_code/kundajelab-retina-models-bd458c6/src/utils/shap_utils.py	3802	2f8804d2189137be6ea21e02fff3714e1cc5915ceed87fd045afcd436a6d4935
data/metadata/model_code/kundajelab-retina-models-bd458c6/src/utils/train_utils.py	1064	77f69a2583e3ccab4522229a4c55a625bdab43ca8cb6f870fd52ebb1053817fc
data/metadata/model_code.zip	591867	eb6f589cd88d62c1630fd332868b5467fbac50de78cd48d97b04eaab768b575e
data/metadata/paper.html	260127	70bf945a34055d8c7a23c9a32bb54a0b6e769d5e62d974f55382356116c9d81d
data/metadata/paper.txt	77021	b58df11c40f6e48b5e11ae9bc0a401513fd38dc4522bc02b1990916234323867
data/metadata/retina.html	9034	2a2b01ba77a7563819da6e30a2481c69ef667da7d5bf737ed266444753898e76
data/metadata/retina_models_tree.json	16233	8e4a060aa5297d7733bac05202a90ddc5d024c4e53403c36727fe9fac40ed913
data/metadata/zenodo_6330053.json	3952	0c78170b63fa7b09cfc5ea274923f7a20a65f9989e7ce70233a785385e0c3cbb
data/metadata/zenodo_6795162.json	3744	effb0187222dfeef04e65334ae7926f470d6ae92d810fed87d63e2b6f66c2bc2
data/metadata/zenodo_6796067.json	3740	c679b08eea1db8e246fa7fb1f43ccc1be6431d68d9e2e209657090a41a81b2fc
data/raw/GSM5866073_Mullerglia_frags.tsv.gz	865987028	9bb28ba83c01be8babb7c2dd06a9286243915783d756ba6142796d291c27dfbc
data/raw/GSM5866081_barcodes.tsv.gz	283547	6764b048fc44a3919e110b5a4186bc5a7e3319d133bf433374ccf60eae021618
data/raw/GSM5866081_features.tsv.gz	252981	079bb5504d1d1f55c5e4cfc24d02fb8a09d883b35efba22842ec8dc4091056bd
data/raw/GSM5866081_matrix.mtx.gz	280281941	ce1c09dc7daa5e8493c9d212b86a4b1f0dd0289dcc3ca01e2531a331daa9e1bd
data/raw/hg38-blacklist.v2.bed.gz	5867	c92e763af17271446194991e71917ac220593a5a3d40a06667be24178ef08cf2
data/raw/hg38.chrom.sizes	11672	e1d9152418038457a959e949d99c9caf7ae3e4f87cfbb4ffe7d8b9a54ba1202b
data/raw/hg38.refGene.txt.gz	8668756	58fbc18d60bcda5fd4635e71b99dffde09d6eb67995c7f9ded3af194eb789756
reports/figures/donor_qc.png	187904	dcd4835626e6aea00221dc75c2f61a9de2f03bd6588fb96be032c5385814d795
reports/figures/donor_qc.svg	137473	e986664bbcea315ef7529057f7a94f8ea5c6042ffe749cb8303fe39fd2153a9b
reports/figures/markers_and_lengths.png	149245	fb87328eeb9847dae02db198f730842964d4bb59c4c3b5fefd338c6a2266b9df
reports/figures/markers_and_lengths.svg	110870	2f0e4fa916de371d8b3f062fbeb6b806fa0bd09bdd5751e8ffab24d39f607cee
reports/phase1_qc_report.html	458402	6661f6067138c85e6fbfc656277f754beb1784184a4b8fba55d59538afc3b0d5
reports/phase1_qc_report.md	7483	9a9338379a2c59e335ea8015c4c74475f0a33cdfbe8c373cdc081d18a32963e8
reports/qc/barcode_audit.tsv	131642	29efa18a86670824efd2cfa277aa605f44f3b5b168dc6228e559120f8bf3d172
reports/qc/cells.unambiguous.tsv	357210	cb79df8e26ab7d70f5a8ffaa780fe791698807281ec40f39e1af11e76d40e164
reports/qc/chromosome_records.tsv	622	24fee550d19d46590a941c2b1cc9a3089b2ed201b64d3d078610eb647b4bb404
reports/qc/donor_50kb_bins.tsv	1695494	8c3d8d0ae1d6d342defd4ee60e2a96a2dd0bd7b3db3f5f00d55cfbf2e69dabfb
reports/qc/donor_correlations.tsv	763	ce803709a0783d2e916c2fc3298a865b7792b4cb9811846ebf98344e0cef8da3
reports/qc/donor_metadata.tsv	713	167835db410aeecc255e237dd732dd254e9f117821d38c6015d1c8632cc52381
reports/qc/donor_qc.json	359	7d8eb1f987305440a1ee9afcacec0ac12ba279e9f31a8953847fa4846c47058a
reports/qc/donor_summary.tsv	384	d07482b08587470a1bc809cb390bbf198c6bbb2decb222648360e1f8482f73f1
reports/qc/donor_tss_profiles.tsv	107347	fdcaaeea3ab76c996f5f6770fc9aa0e25d592cfe97c4c53e28d676c3f2f55cce
reports/qc/filtered_barcode_counts.tsv	94878	0531fd7986acc31865b9a3f5fdc3610d89c8117d07965990072054e7a2736f46
reports/qc/fragment_audit.json	884	8e2220a21f58417a2e67c516dbee7736122207232878f638a47db0f22f509715
reports/qc/fragment_lengths.tsv	20164	bca91aaec7cf7cdfacaf398972f78b8241512b5041702c015926b98123a7828d
reports/qc/frip.tsv	285	8285280597d98b361ab622c8c5939f18ef6a1513795682f5463d1a1efa1ea985
reports/qc/marker_qc.json	451	aa9abe61d4fa114448b26610cee9782de8765a1bff786d30b0ee24115bd519f9
reports/qc/marker_summary.tsv	5262	db3d007ef077826070874e04a99fe23cc9af04f76520ef647f15a83672627746
reports/qc/muller.filtered.bedpe	2198849513	78fcc5ac90d56f57a17108c67886a310d1cffc62550d1ced280bbe18c32b36d9
reports/qc/peak_qc.json	320	31c583d0b7726e8fc0f64e63cedf4a621415d02f7e7a13acabb85b47df04f529
reports/qc/peaks/muller_diagnostic.no_blacklist.narrowPeak	9004317	8379f0e37ff3233b50cf5843b61cce773988da3be19714d0de3f1dd9848231d2
reports/qc/peaks/muller_diagnostic_peaks.narrowPeak	9004317	8379f0e37ff3233b50cf5843b61cce773988da3be19714d0de3f1dd9848231d2
reports/qc/peaks/muller_diagnostic_peaks.xls	9728164	4cf852f2e82226bd232f38b43d5fa4e368ef06ea6fb64b06b9296fcbe005c025
reports/qc/peaks/muller_diagnostic_summits.bed	6328408	81b7e338c8dffdabe31b94945a6026fc4120466d6cae0f683c19d78e2b488000
reports/qc/pool_qc.json	737	bc7c739c7f31adae5a1ecc04bd9c508b2dfb988a3e8dbe903702c9f838fb7ecb
reports/qc/read_support.tsv	157	92760d5e6c6bf108cbfcebb5caee1e83acac6ac0f58760be190f2680db377c66
reports/qc/tss_profile.tsv	47096	8757f2b0706807c2b972bde9732796b141ac8b61c1daf9177db55833fb401e5b
scripts/audit_fragments.py	4528	7f5d11d437a7672d56e66a261ea04de0f2c6031fee190e43c65065b389a079bc
scripts/donor_qc.py	4144	4836ae043a98ae1534212b9fcf779429bb7cf7a13f5790ed74b1fe1b164eb3c2
scripts/download.py	1310	ae6f1edf945b4ab78d686d7a51fcd07004a52b7a087be47e50ac14e0b3f80769
scripts/make_splits.py	1460	74c6772b39a1e48f32d81d5019b4838d3cdf3b72afb111b8fed787a5f611e729
scripts/marker_qc.py	3130	1291e114a95cc1e5b913cc70003ae0eb1b36c8fc5ce69f5ec190d396c24111bd
scripts/model_gate.py	1607	3dfe8e5f4cae02ac20afb274aa404847934493e785532f1e8e7e7c9908f6cd5e
scripts/peak_qc.py	1801	d94ea6620f4eacc6814631885353458bb52b5549b25c229e06a5b064b74ec342
scripts/plot_qc.py	4586	f00c4c91f0799893fb558bfbe0f96bd0d0ecfbf7f5f01facaa434c2af3f209aa
scripts/pool_qc.py	4505	0d9fc97ba90cde75c3a4928dd3320087c1372fc43a12ec3b345d327770c7b7c3
scripts/report_qc.py	11772	069821ece1f71252a70c614f9ef8d706e7d102a5238fb03de39803cb8caabed3
scripts/verify_outputs.py	2057	1d75d327e1157160a904646fc47f2879f5a22de7d08e0a83208994ee7ffc19da
